00000688c4de62e6c6db450ea13f4c6705e8b5f005afbf9e34d4027bad150c3b,35360698
00000848c0368e4066bee296f0ef8af31cffd7ba457f01c615eb42c76ad6b977,19062261
000008d34bf6440150973cfec537e949c1e507cc2ec68c030e6031bbcdc82156,38775718
000014576c46620ae757ba677400dd5f15c0a42ace18ae0cd55e940a32d9b7ff,43241649
0000183aaa17035774551309dcf7934f92c3addcf57638ff3fba872b02ec8218,35634662
000018c6bc0afe2f8857929a0c40e5061390cbe9749ce3f0867066ac886bbf5d,25008197
00001a99b4eb1f76c01ff5d6544a5a6b1e5ad8eb513080ba7fa9f0ddbd39533c,36676311
00002222f39590e756870e95125284609cb273443e60cf160364aa2ca1cfc8ba,159834261
00002c1c982f5ecdb1b50637d47320b0ba35c6497a6a827c6cc0880dd1a60e1c,60305222
00002e77477a918eafa3195461968fdd96017a7be0f7be322db050d5c6672caa,16112547
000031c55c3dbc72fd4dcaef3531010bee812c1e22c2b8c422c70c30ffa17b61,27957275
0000363ad92d385af96012d35cf6981065a5b6a1cf6534889717d4af76c27fcc,81511147
00003f9b0a2401dfa8ae55371e945d7f6d945f30beae8b976dfeb3a454271f61,32456665
000040066e9a82a9ea6525a21907e376adf9b227bc83eddd5a8f791885ce9dad,7988605
000040ac9705b405c9e8b7221a87d0a166523e17df1203bbc6857a25108efd7d,19975457
00004e90928b74288dd92c28d9adff31978cf0514b54d266957cf370ffb54e49,52898352
00004f59caac5496170b6d38ac8f71cbb0e35e245a1ceed89747c5eea682e5c9,53523034
00005175c9b91d60a616d13db581c82e36e887f3fd9a20c959b5fee30706f31a,30313395
000052f94175e1485900e5b3fb1b12bc7bc553bd4b2f6600bc2e06a91318d9c7,64278617
00005724f1c57788550536a531b92019ff656cb2551176730165752f3382fc1f,14727123
00005b231e6e5c6179d9d66ea688044dbecd749562c54367bd752363e258d38e,80447047
00005ba941ec0810bed080b717a3d152b93c6c273155a1b693ad201c4ce202eb,40790732
00005c98e6c2549940cd8554e970b85dd7c2cbf3987b62c76e4ac9e4d1952761,77019421
0000682d6448dfcb0efe822ff4484f93abd864abb6e1249bf248c2b62ab0a3f7,27176006
00006a8a68f8296ee79b1486a8d55b4e8b38b4e4b2917c5f7b8bdfd000c942f5,43111405
00006b204d21e4fa33c9baeef4458d9755b13b7fa77e809ba92b6c65638b9348,16048365
0000703e81a253c215f9f52c955266bf47104f52e13658a6e1fdd65e581287cb,13577873
0000758be0741e781b78bab57efcf36c958800df230e390fd88ab4a276004102,13008014
0000764903a4ef4cd355a1eae88fec6840b31278d63c35647762e1b73b206c49,159138374
0000765d49d28a7d89048647a86758833c8bfba78cefc82e6ea9b90d196aa6f7,94589304
00007afd8b779c17e55bba214748408e98fa79d42b10f51181e7c1073d1b732a,38203175
00007b371fbb430f13b2c7a6d94ee0c95edb7ab8bc81a12dd3aba89af8af8d67,33901027
00008f036918ede1213a63f55a31b4c3e2efa8fb2d7ef2f31c2bb7e17291d4d6,62946819
000093ae4a23ce610df05dadec0bebe18b7a7fbc2979923025772afbedd6a971,150748414
0000963d0249f1bd15007e80444062d9b65b49845253d857ebfdf5f5909f8e0d,11094312
00009f00fe87b49c4276e43f1ddb97f9bf8d545fe7c8522b5963adda4bea666a,23890549
0000ac41eacd481cb74d25300ee1b21ee32058cf808ea34f34d44be2a497cdde,12601321
0000add330e9f323978afa5d74836d36e4426ff9074b18b0fce100584f51fac7,19097079
0000aeb7f913a8a73bcc2caa023b9ac643578dc1094a178e3fa7c7c6a675c49a,18237513
0000c1ab5b943f0675f0419bb87f7de9df5646f1c71fe74046ef9f1aff7aff70,41390482
0000cf2f69a4e916acd5d95ad35243ae87efdf505f9d5f6b55f040491e34f469,158600838
0000d066d32f8b42aebc45937b9480dd652fe615648c742b0fb08f8c2d860b47,19889000
0000d41e3ffc0953a347656b1dfc5aff7b8cce601bb9aa1b406dddfc2d8f1571,29310288
0000d73401f45f0f73516b170f56bcaf64cbb4366eb1d69108906fe30270cd42,76351939
0000d83eb0dfa8f4451ab5077b8039d3b4106eba4e8398e87e593b1954891fb1,69940948
0000d88aae74b829456ed95b6c8e003ca5ebe42bf2c5e53da4b43d7530ad11f3,8635169
0000d9472b7f301b66ab2191b1ce1628e0123c9cdb56d7c902bd3988b77a75bf,22675594
0000da9b00a7ae65389f67a22d0ce6f555cdc945b150cde78ada88231fe826a3,6138450
0000dbd788dd71b69aa428a5f688638d4af71dad823da4a7b69257da6c5e1b47,133041457
0000dd94309f357cda21b766217029b9416d99ec1a684f0ce5a8bfcb86c4d368,24842124
0000de185ea7e03204b2deb5987e8031e264aceebf98dab35c73bde58dda9b3c,50909078
0000de53c45ec055ad0d08633b0fe728451e3560c1a5823b2a63c71dbde44901,59881882
0000e711621979ad347fd49c5ab8fefaa83368b59b61453b6fddddc883b9ea8a,25439182
0000ecaf052369875f8730976efa9ec95e407cba0995fe2529b1c8760f52ebc2,34696835
0000f7c331f6147e92781d10fc25a05aed996052f5da85db907df78a01282736,31482371
0000f9150fd36dbcc5e5b879d9ba63d14e1a5d07ee58259e8404ec94ed938c44,3887570
0000fe8bee680c23aed15ac8eeb530853a7e1dffabeea62b7cf406c5df580a8d,42091460
0000ff8db2d92dd21a6a87647153af00fe0d819e0831955ff0a6885d0c54535e,8956177
00010046ba1d3854bfeb092bc3f720235756c4d5a23c555f9393eae691e0ff58,40003586
000105ffa66b70ab0826ac87fe27c77edcd67cd3a139fbbb58832cd79ffdbbf4,140749571
00010d2f4ad37ce6934f7bf34db1e42ad7a383bced1282dc41f339a3313b2403,119355354
00010fbf731db34fa59e1bc8acffa6cb86d3a6a861db42b8e0dda48cd08063e0,4299217
000117e84f1b556060dc63765ceb7fb14cdb5900049947ddc94a4d11f97799d4,74545079
0001194bb362bcec27b55a4fda9a6be7ecebb4a187f32945a055a2c8c8a8a1b0,29695998
000121661546eb61f803e269b21e0746948f196f8880c67d885d448d307489f0,45545433
000122ca5406cf26b9f8d340fe7d83859dab1c473a5fed5ac6a8cf2186c674fa,53860333
0001286e5653049875bdafeb07bb0b161acb466dfbb2a4804ef1f5dfa169eb5f,10361597
00012afd823ec8cb6927b51e08892661c1f8b0f844c63998a898fb83ef9ea58f,36849423
00012c948ce40f8c59b3955c7e75c4f1c31dc0d9d2e2607c4e81ce5a97102a50,11570416
000131b465565a3b688aecc6985ada2610317eedc43b780c4342b7e19f46a526,9489250
00013be85e5ee67695a44d2f5402653baa1d7d5f8bde61619c5e021928a891db,41410025
00013cbd7b6b154c50d58fcd3e1ab804eb4c305ba1664abe923825aacbc7892d,63829153
0001442ba95df7784107094a4010d892c93d84ebab2d71aa0bd9e6fe3f5748a4,48673857
000146aff1b105e1bfd6964ddb7127b38879083679c9c02b31f11a1e18388016,40289081
00014d5e9faa37eac892c49c3edefc5249bcab7360268323bee420f503e41093,25350492
00014e0d1ea1ed4f141cb9662c92e3d5bdb5acaf90ed2225ecb434db0f76f29c,5102146
000156d3a9d52ef219c9b132a5ea5836e91a6515a96e80170457ab5c15d69a6e,22475373
000163e268aa863ac90a3d00aceaf0c626bfbff8cc0593f4eb93529768493009,67041173
00016700da965d0f511f8ee1a4b3dfc2dc64a5b58314c805562fd391c018d5a5,9859477
00016d3abad2792228da49c55d303f851c773bf8705856583272c14964fa6cb1,29857044
0001731f8248a47b602d26a99ab5b1f205f8eb0c6d0ce34091959f2d9db4e4b2,65732100
00017b2ad042323162a2cea7c72cac2007ccf07ec303c6d505fde6f68d22469a,50645443
00017ee4d6357c557dd53b4e293f20dc66a41ac507fe22067bb05bd77042e582,104858403
000187e36557b0e5c5223024d9df2d13db44d0b8a3ce81dcd0d3320ff4a15ac6,6992692
00018cd59d692c5aa7661dd2a56b73deda1f356d5e2715708d2a8f8a72e93ea1,107368329
0001a03b0f0c890713240ab2d693433f0d18055f8aaa3e84a8c8bc8e580bde1b,16225354
0001a4d0766bd7aa3289522c10ddf5f74afee5c9c8400bd373bd8e0b197af51f,14673900
0001a56a20b93345a0bc7432d6ada676e6a02c1e32aeceefab073d20cbe7751d,5053372
0001a77eb1af2faad1e643e11aabbdf1fe2f9cf6277cdc49d5e64385f9dc3670,24627388
0001ad9dec5209d1f4a1e9e08492a539d7233643106b3f8b5f2cf2a0f283dbf6,107369161
0001b23f1d2b1043ae4a8c1bbd98ff2649cd36c857906c8efcbb5901ec1870ac,49772928
0001b299ee05d52dbf4abe571409c63922f0a6d98b4b93257b89f20b94cff8c6,10844452
0001bcd2255aaf585592b15a24c59e884586f61977c02e1380a36dbc902e793a,57464043
0001be2b28f4cbe78e435358a39db3ecf2027fac51721c477a23daf5f6486d69,12819694
0001be2e017df5f0c08379b4112bc4db2090efca9d4663a4ea1277d6708fab0d,41577839
0001c475dfb3ee1e738ba4c1e858273275d411e889df16865eea2c2a62f8cec3,39362094
0001c4c44684e15dd70d3cb7806c9426b740c7230b9c5142da6f3e54307c11d2,18964001
0001c4fdd7c28c2e47c4e8c9321abca4d0bf4fb7f18149410752dc4cae94447d,9980827
0001c580817d376a3812f3de8024ae8c4753d96a9e7ca8ac287c40c0fca3de75,39481583
0001c7f0d5fddd9b55a2c5034728121288a600176ec23ce9aaef7a0833ea4a3e,4773239
0001c8ac9bec085151e2730161dd45c62593dee9ed735e0ba72e50c9f71aa1dd,16791358
0001c97479f9127444a3bb38a3c5793a4f79812bcde043c75a870c56ff03892a,125794647
0001cb8689c6013536baf7b3ab275cbc11153dc820b421805d791fc475f7a159,33467500
0001cdec07607480b30953c3efb8383a4dba6b80920b609333834ca31bebd6e8,30278532
0001cefb9dd4ce43626677803bef43f1f869e85c8a0c78658c8a99aa119ec711,9658900
0001dc780416a6ddcbbcbfc2d8a8e6f26e13fd47c6a58595891ebbb615e31583,69858366
0001e53f798284a3237f4cf1ddc320d6780f7fe0fada1a6c1f3be8490bbb70e4,27280552
0001e86765a15bba514cfc3f225fac42c573bfa6c4538632622b2cda63625c40,4818373
0001eaa51650b8e9a6f2c682d3b4a2c2f4ebd777470d1c286a46a977d091e014,109410026
0001ebf2f3f272a689007cd7dcda610fe8589b99648704f8ae1aef30ad5e66f7,34772895
0001ef298bcfd89814de489bd634274740f92c9c51ecbcd2010596df7ec98d69,123912763
0001efae722f29d98e324eb868210263a1629bd22dabc3150b0df3caef56a60c,36812187
0001f48b3e8bec4f6cfa018d7f0564c82171d224ebfca129dd33949a01bfc6c0,40502868
0001f55b97f5b3abd2b9bcc0b30ee450410927607a0810faf31893bacd778169,142415458
0001f5b93058d7d3ed3019e86c7131b9153d92ed0b2d8252ea270095a2b2a00a,7727508
00020297249e8a43cb18530beb70639324619b40de8be7826958f86cb3307cb9,73658323
00020786f89a57bda8f35e30a0baeff4654e7f01119070b6c84037ec9230be7e,27214989
00020b6cc21f041f365b3413e0368df5f312e013c80a2fe95ce473d1d97006ff,50084783
00020c697c87feccd560f8458c178b87ca9e0e734274494e6db771704d72f5de,14071771
00020fe2d0392b9cb45a0adf7eb79fd4c944c957559ca111feb020cda304d7e9,51113941
0002112c0cfe6673d05b511f57b8be687f58e7898648d9f2431bb05f31c7c29b,9074793
0002117105107875a3a555fe66a4645a9b376b3b3c03ae3534a38381f3f2a49e,64354352
00021a8a351cb6f330d78c1a4fedf708a5fe5ec7576aff75b7117f0669c2a399,4111690
00021b6f6f3bf51e4de6c8c449dee2764ff67956fef41669847bb2287a068084,20469818
00021ce22fd0e0585d4a5f777e95800df1ec741457b1422d54451bec596ffa37,20059193
000224801c1a7f12209d445aea51223e038a991e23527c3d02718f48c38011e5,62366220
0002272d3f9d9db80d74bd404e0f72de953b6a3934bbdf03d49528540fbf59af,71722896
00022daf149b17f8feadc8413a73bfc13597ff5f09a5b0cc13a7b81b7854360f,38698742
000232bfd62095c9517e60dd11ae0729d70bbe4d5a9f863a462566fecbcee11c,73061633
000238ae516344937138bfb4e1be77bed1ee2dd6d073c0a3695f37b27a0c5931,8644760
00023b4c40f5b1e0e403fac5093476465148a04286a46f5d0506ccfb93de8885,47160321
00023c4de5235323d348b17121ad434aa6561905a46903f398dad9b98649be9d,16159348
00023cee16025139c0f03c7e99e1a40169eda5716c6a4fe97b2a8d08504e84ef,27267067
00023fb28638d2971e04fe0deabaa7b9ecf6d6135f0aefcdf4157b0ea3e3b2c9,42870475
000241883bdbb1dd1989c078c1d5994a30edbfea5f95c0e0bb30c11f1fdc0596,77497793
0002483021fcd2ddf53bf7a7fdf573ce0a3073c9abdc9216282f32353d85e0ae,34261623
00024b5d9e6e2f641da273caad8620cad0ad1c5b5e79ce24f4a871e81ba03fdd,14182379
00024c0c6cc73b219369ccc2944e34e44655032e5af45a2f4496f36036150ba0,6479493
000252621b0e95410b10f332f539e1305d6d0700b4b770d6942b91dab2bf7b6d,34649707
000253a71f1aaca5281976d86c5b3232ff9124c2ba9772740a861d81976ad1ed,20717419
00025fc8d6adf0cc4655d8efe7bf635624d14071b949f2ad7f328f7a094532ae,9025642
000260b3cd8728cd1caa218c6b534214dfcda9a67774d7c978f0a3cd72dbaefa,86552416
000263d41da43015fd1899d4f8706992bee0a15de1e1e5c38902149ffd0f49a0,24261731
0002647cbe2aa28ef212cf173585155bfc5c7b5c478c9010f32f26f959530ff2,18911929
0002687a5943724ae5d59570c1ed8ad0e6a05d59a878f0f021876a005edba9b0,17596831
00026ea0752b0a16376cf2d23419b99f16ef4c57055ea0086d47c7a203bdf581,6412998
000275d42b64a72ab9dafc00ed2ba1231982fb9beecdfe2b5b08cd8e8a62f384,43215806
000278703c6f1be4b8990d7270c967fd04489a34ec094267e76a6a9a38d3de35,9513325
00027c208bad4946de23d069b2dc591c1c5ffbd476ce4f3fa033c9b0ec8d93dc,70234861
00027d9e5bebc0cfca059679bf54572d2e2d7b96ae8cda9d19d2d7208df4c841,56610067
00027e1faa2c9681aa251b80a960317d9567d3c0a25b47c68d3a07a7fd39bdb5,38191753
0002888eafafa8e72971bc54e3721f3152ded11a1eabd5c75c454c15ae39ec71,19908995
00028a518b9a74ffff3d5403ec96b880d85d295228a683c78940103452c0b94a,17333376
00028a865b1ed278c9dfc419fb351d60f72e23d719f3d181f478f7ae84db1457,17332410
00028c3571c09925144953ae2ac76a0674ab7286c0b9dcd7415f9b1f820b5c05,18220645
00028c666611cf1bb43ddbae03d47f147e185f0429827bbc672d8b55d7909044,10158367
000296fde7afe990aba2f483706f10fd6a78352b22778cab5f6c2fae0a0af5ef,21944732
00029a44fb7b026dc97fd3cede083c0b6e0d6c93dca56d4f19cdaadf1b517433,42476714
00029b421ea3e60d70ad1961bc3be46549bee499dcc3f52d1fb1ead5448a6918,37740452
0002a626f8af31482adb2f8adf6d0391bb545f50b5f853df49f46699ffda375c,175961157
0002b50dc7a5d3c61fd15242dd323a1be5e9f481aecdacca9b5fed37d62507dd,16668978
0002bcbd6d6b61cd7b08d22acde5a478105cd8f3541d1a6c04699e970e7d6070,71205536
0002bf749072429f4af2558d28aefd915c2684a426ddf732c934f79206c1abf5,173994262
0002c190d6811752f29c1ae6a6f060857e975964aa231b098e908ed21d8a8fc2,8124787
0002c5939258aba1813f9625192027f293f5c7941044f96065f73bc8ee9255d7,21837253
0002c73ee39af4513190e082603dcc94dabce7f5421d3116da78c1c7693c1266,75924165
0002c9f429c6309ebb3235345aa12ddd486e45fd2f6705fb02a7a5a09f41e320,30009792
0002cb621d89f33bc81dd773fec2985157af2a04ad53d2e9b97d1525e115ef6b,62001142
0002d482eda3b83ffc8a028d8f4d2ad6879661db89551969fb00be8d781bebf5,9729989
0002d5493d322f1ee247b2c3e4cc043907123b6318268ff96b2bf6c57cd28f12,7121766
0002d8cefe2a9d27df06578cde49b73ff6242545b7752021dbaba3b4dfc7fe78,5494706
0002da7352c133e680e788d3ef085a8b54582f6a3cd4322e9bb4b794e8739f3b,33123368
0002db8256731158de61c96167a19e9061abbe448827d97642bb0ce7ecc9ae69,37276495
0002dde9f08ca001b898dfdaca070e318b6f59b2cbe976f774a38e66e3667225,26089821
0002e0dd5a31decf31a9df0d6c0975c3d740abed3c6f24d8d48ee47718f7379f,21968742
0002e1f9c6089a7d01b88cd27e514967460973a8f007e01198ab1db976407d1b,45963850
0002e34400f532bd4e80f21a230ebca7609bd2261856194954f08edad13f346e,27038379
0002e76080f6e2b39e0fa42db53d03da9b22e09bbe346b42bc3fe594d6909b00,72575880
0002ef1e8ed709a7902ef042628ccc9904c24caa41f06bfc091a459b3025f6ea,59027498
0002f50c3c1c60689d8c19e98f080b212503b2ef1949c771ae8ab726e9efc512,13671880
0002f6cbfc2358f06da46697f16c102fe67874bf8b99af9ee989309c6fc320e1,127893784
0002f8072a17a667514fc6f40a96681494f53aafe4563bcc96257e91a908365e,8346819
0002fbd2aebe986b3d3f9f0e374eb881982fbd3ed750be6bca58b0c4c9ad55be,9987449
0003016efc9d2ec6742e768407026e5d346916c4d68875ea376c332be115fc5d,5065587
0003049371f4834dcd57cea8c2c08747cbd077454c508da62d6d2166e863abe1,42327295
000307fb9e06fcd735f58a3c4625244add672b81db97e3d802f0c7338fb3a180,58997296
00030907cb6389b3c9f34f051d232242b33e6d045e1ee037371f5974ad366690,64852265
0003177fc61dbd18f1b91d5daea9bb57f0005114e447e0801979ac3162fec731,52627173
00031af4a7a4a616672ad0102f7180e23742d8c6a844659d2c31daf4d555970d,50831913
00032f31f9d71916da3b7745658e1399cc221a970ada187015354699e6d7622d,54277013
00034253a498c84f3f05fa1eb2dc8f45e8d901ec0891e10e2d8fd0a7d0f19d99,42749451
0003460c6fb32c68b21a48b8968fdca0b37c4985367df0b747124707c84833e7,32319043
00034931de5416f05e07728b27b2e5a55a65a4f1e5532e6fff0f8f2e4d45b0a0,128806517
00034c5ca9d66a29a883aabd9c2bdefb7efefd2d9f2a0bdd365b0dc70883e91d,47818294
00034c739eb36a9191404a9ca02e6026fcdf9723beb60ff5441bf8804d36b321,6845225
0003536d810b4ea25552b9c2c7f9193016ddb0dc972cc5acaaacbee37b30288b,43550866
000353eef7d393e7c2277e7d9cc26e8c26982e152b724a2550c693fa1a274369,90072036
000355efb14bf88b5fadb7236d5f1fdaeb18c34b5a79c21cf0baf0252de17456,64988274
0003568f01b2aef451fea53907425a775195d7ecca7a52f239fc188a555e6e54,10614014
000358385679ff82c29b8afed37ddc2fbcde531abd70b9601ee4294f192dc7c3,28516422
00035b634180bbc1f39a51e3ad08d9c98a11d99e1dba8ecb8bd1d64b5439cf0f,17744758
00035eb47045b0cf9b6429d675cfb16aa5ce5c85e2c35f9d4cafd67c621d20a7,35600148
00035f79d518a607d778253161f2f4a1f71397c856dd8be410ed6a44e81a0bca,80496069
0003680f4d76c29e0589400729f051fbf99285307bbeedc2fc20d6511f700931,92915004
000379b6feaf40c0fe61f2d106917af520a067894d01ffc564ac346b29c609a7,4439270
00037a380784837ffbd50a4dd05b11261800b828b8f791575a607de9ac634ee4,119814832
00037dfa97042b403c7fc2c42e4e439ce89701ee1922e3bba594d09f1bd3c056,70639775
00037ef93870493af509b12b60249ea0332e0d0d58e1a31566b08f77f4a1b09b,19548515
000383489616f964082772ce82835413228c916f48929fa4f84a12ad821a17a2,59833773
000384140507002eda5d5f6fe9439fa9514687f996f29bb89a50ae2064c72f99,27384845
000385a779571ed8aecb306a739df0ceb8513f43160e671bc7e7db3859f50f71,25176526
00038b8375a84f27454121505836b309786015b17d121b2a5255de2988c9da71,34215225
00038cff544bba312116d0c1deaf5d4c00384ca16eb0184b1c01b6861a32e7df,14909857
0003934555672f338fcc77dcf33a2e42ba53ddc1e08ddc894269d7c2694996f0,35646365
000393f354c360094c5d6339942cf1841585c9a0535994dad71b14439b5afe42,114535124
00039582fdb52c9abdc714233285e2a01dae46297ed7c8a1359f0ce8e43d647a,10125053
000395f2f32a8ca2efe7cf1e91d963dc2dcc2fb66865d124e18a90b3a6034490,34704496
0003964fe14622162c2278663a55736e7f88ae5228d695f4b3ad23832d7f8816,47183679
0003996fa8865a07493a98d83b595468de5a5484403a62db81d074a56e9ba014,7591104
00039b4a4a2f4ee83d2a0b82d96d00c35e3a9b19c8fc2da80d8807ee9e1717c0,110873830
0003a02cf19a180881a6354c4dde30dcdddc285d0cb015cf044ea1e5d0fdbc60,100119528
0003a7136d25903901166798ccb9edf341c726ba25220402d3bfab35cb063d30,8789163
0003a77895dddaf479969400505b92af22c16438b91e1f96a4ad49dc1c13bbeb,48795889
0003a8ac1cf658b84fbbd3b58f8df4ce92757498f938ca602accd3baec9f0cfd,68422951
0003a9756003a6d192d76cf53caa84343d7d905fc7229e9e99357691928b6667,52374338
0003abac81e387d47db5b51549514ba5d21accd10d74727475172a568d3ece6c,26081986
0003b10a184eb3f4a1e99cc50979e332423f6442149bbc9bf4201f7d603b4d2e,25248453
0003b5f7e2491cd0125b0a958f9a983c9eb4344911d9d47b6058af364f00a292,98447100
0003b644b222d7b1ba7a9202d567fc3f78b216bbe66c11b84a276b90d3ef0388,91250078
0003c05b9713ca2529e97c4b8a10b9be3f0ff5c827d06f646cc5b57a059762ba,90445488
0003c699c132eaa6652b56464e0d788222c70c49dacdbb429052a375e2da17f8,41439308
0003cab30f6ac96ac670deb16509b0f17e33b4e7f5726ae1c7615b3429099fe2,79009508
0003d2978c9db2bdcbbfaaaf089e6c78b8c56ab10d6eb8788b86a75fe68642ab,31683097
0003d62db1ac6c4abe5008139143963f4400b921a11dcfc6371b316f60ad625a,13641671
0003d9908534e5f595e1fd9555fd039bf8ebcea86f7893bd4e94090a6cb655e0,8588189
0003dd21c69c4616d4a21b5673b8f9dd42c1e6c40f16366c6e32f21129f58d81,14134192
0003dec4370714a2fcfb9cbe87f7439204cd75d2305b504dd8f3856c9890dc8c,6326705
0003e3678a2e32d75b79505b4e56079bd821eed455984b1baf31ec5cf478793e,23341753
0003ed2149a3df904e84c28f586f1d8fef6544a83645c7f361ce01ba674396e4,36853787
0003ed892ae228cc379e0b99989548b126610a993beed6a4194136058e0f8da2,43036087
0003f23e4e81cf1d70156b41220b99136b57450c4e6639a70fa22968500f05d4,31944434
0003f4161482d7efc52f627bb0bf94092fcbca1d4b1d3a33601027999bdf7420,41869939
0003f75bb5e5da165ae7c6c88c8bfa3a1c2857af5f92b36b217720bd99935598,96667239
0003f9347b88e1c6b58415c4a1f4a7b68aa60511c2da2137863ebd54aba68d85,99487469
0003fc22716785e4924aa59721f92610d5c0f6c02df1796d66cd82f16520fb3d,10319556
00040558e47ae3a8315a4e2a6765a28d326672e0f1cc1689f5feaa858edff060,9314849
00040657cc7e437bc82f89d7bda18e47d662bb7de27f6d40e46ec3b97ab0a9b3,41305571
00040cca5f95f5995ed8fb9429c6a6bbbc50af86ac163edd9e7f33e8a645300e,9584623
0004138918440beed56ed3b3e29ae3f21c895ab56efcaa525864ff00506dbefc,105453430
000413ee879670d1bd3bbec9dbbe69a684238d4af5d1cb99014627947129ae31,57406311
00041a9b9c2f1c66a896a5ae1e64827c5cba8d251fc851e3fdaa607b70ffcde6,22396667
0004253341b9bf313b9b2399aebce6caaec878437f82f8cc5f3bb56d84f46078,41304812
00042bbc2ae71fca24d4e898e74daca95f83f36e56ffdf4ce49d3705250139f4,62106726
00042fb614417b2367250a8195e178d27d11d78c49bd4daa752613719c299d27,24397832
00043a9bda55d6f314afd62168d756eda2c23f5034c4fadd64824bf8ca7a3062,11436835
00043bc0d974eddec48d92f095c1758be5c86aec93efd9df1124fa11875bd23a,4048140
00044009177b54ffcfb87607a0ca63eef738429e3ed2fad1075a34b7c7496f80,32315945
000441f96fc1440129a27aa0abaf70aeacb19d82cb4ba2595ca88243b7019f17,4702370
00044371b96eacb05dea5e98c78ddff2a06697d3ba91d67afb9ef391707155d9,57417206
000445273ebea527951cb3d3ee9ad84755b2d4a80fe33e332e0e7210d257a02f,32995645
0004465908fb557deb40b41cc99526381b66aa77e19444ee0794af18c2ec5d49,55344120
00044671cb2373a27753183472ad45314076da197a9860f5bf689689979cdc60,45606689
0004481903c97ce05410f6395cd424464179b46e2c8431257617b413bf538670,61707259
00045099b98a81e4f09818534f46a23ba527f48eef33ea3c2bce6acf353d1aef,59081633
000451f0feef7e53efb23701a33dcc8e3699d6800473715b89c8035a6c4068cd,52369775
000456c011c7636ac3be546dc886c6e6d59976bba99b932b3f7d05ad639d2323,59468530
0004584b45fa9e32500d09e07c89935e32e0f01d22bbabdc4ae5aa406949a3cd,56781939
000461256711e77d4754fd94dd0ab1dab88a5cabfea2024a5c26321517858e11,34659514
000461e0781a7e2c9c43f782fd849c67cafa8221f9e3dc1cf9728c03231bc5ea,4982137
000465d715c296efff1ce323bfbe5df4a1a4bed769f276d19a075f5dade482af,19734807
000466c980211b7beb94864344b5eb3259f4394008544596b9522cb66854b3b1,4966867
00046a80968745e07eb5a011cce45f510ecd41ce3a262bf0820c5598450e3356,38127601
0004778622f21405e94f23be2239040d7b1b29bb6ce5cd1ab4eaf768c94792f9,49463717
00047bdd5cf1aad1f9068fd24867d9b5e8dc3e209b46ee629248e1f651288a2e,40089055
00047d9807ddceab24fd31b7e79b4231e3e2f892396f22eda2079edf919aedff,36356963
00047eb702210c122f0970bf2e43674403431ea4fa97cc0e237a48eb89af08d1,7042407
0004806e09f0b7960d635df6f8d0132ccb3b31ad41bc36867933aabb1e467966,19857183
00048abf902beb25173f9cf30dabd5a5af0dbe30b2519ebd605d43f7340cd7fd,42654721
00048e4fac1e80bcbc2bbb8dbe8553504727607afb698cc13421ed874405280e,61967676
00049202498e2dd48834aa291bbf0d9130635d85528f6d794c79740f989ab7ae,79072974
0004964b20db232ae91fdfc4667c9399ed3876ae1924a16a4f1783eef2305251,16284562
000498d00f93b6594994b82410ba94616e1c12bfa848297cc45a6cfcf09c7d24,81930430
00049926b4046285f79ee34b75fa782d3802b91ff2b6f6c4e43e25ecf140b2b4,26773065
00049a366aeed1011fef412352473902e3c9152efb5eaabba6dd281165bfebc4,16634576
00049d6fbbb759dd6cc5057f5c792c846cc4b2410e08a4606f0de681478339d4,10033903
00049ddcc4d50110a4e6e7fea284028cd40238eb53f92f87665244531dd1c23a,12892014
0004a3063cc743cfbb23c05e34291d9bae41368963074e960b1591134c4f008c,11917940
0004a6cfb2f8aaf17d02813c3b4d394d3589f8e0013ee98e9ad80931c1428398,4037153
0004ab1f428ce3d2218f24cff316777398e85d7f164fbf6cc4cf07bee91c31bb,5598024
0004ae72e56bca8fc6ca8f83f711cffc2e6a3ce5bfe79077c986769131a66009,84468560
0004affa34909218b10308527fffd6f1ea3bd8d7c191283cc307269ff0ae3fbf,12123603
0004b5ca5bb43c49ccf170876dbb0b1f375a4fc936e89c4720312085626425c4,19628612
0004b69ee13e8ce43b53fedae549b0903faa0e07cb562ecafa2938d19061246b,37271860
0004b6e04e5e177a77262c4a409dda2fccd7f54ec268192433d02d1dabca8415,7651345
0004c907070819f6383e288ca8e484e89a571f988d738039282fb29ae797fba2,8479540
0004cd0740d2861159ff4ac37aa9f3092ec8641384c7e4eb8c0d2532f5365fcd,40674594
0004cf197f28fe461e1a87a5ebfcc85040197894f88ec69fcdff08372518ea7b,19176430
0004d37c708029a422bee94a7bb055c463bb088469de4f7b02a85a8a593851c7,24621685
0004d3d02f449c152a170482b54678701d5d0f9d2378ac406ab5aba5aeb2cc47,45379694
0004d83728eec6392786382199d47173fc99dadaf6932a3aa945e6067d46aa7d,12330051
0004d9f95515dda33ee9a347b42c7b0090c528a511ec2f65a775752ac3294144,64784031
0004dac4dc6bcc6ce2d909c380bae7e11e4b7e99dd6cee59816f8134e904ba96,12295938
0004dd80ed3a550bebf5de8a805f685d860197371e33856a304570605d30c6ce,7592425
0004e29ac1a9853ee4ed3a2850af1c638dc16b6a9d4c73976033f8e18a64034e,67443809
0004e5e756bb9645df2d614b7d54d569618726457a28ec41cf519e57891f9530,206750110
0004ea16c532fb6729054bb676092b5d754d99ed91608f9c5708160c0d457936,8909598
0004ee56ea34a10b723ed3368318c223c1d84f20c086ac7d705bc0a647b04c9d,10973793
0004eec58c853c58692fc2bdc4377d8ab88c05de6a27c94ce0736334b99407c8,156858198
0004f3e7ad1fad8cf6a7927bc4a3c66ce20b49fc82b4d1c1d5df9050a3b158fc,57738235
0004f4d311488699c857d97cb197db5798d10d4f796480285dc9b4bc11595cdd,13304477
0004f4da2bcd692a483c010358bd87bcbf290a56f3751c36d9f8fbfe25948e6b,23991442
0004f67d5b633e61e30c1e449dcb5c217811a8e675d8bd7c8cf73942c551fead,27659239
0004f7513a31df5e2dddc10f7a00a0365daa0776ec07049ea1a14c479667f6ba,7423392
0004f8d92b73e5aab839867a4becd7720b3422ef884305f3e1e430d3128020b5,3449860
0004fc9e9dae221e7b234ae0b428fa56d1210923008afe26fbb2bec8d1e0b216,25227304
00050c0752feae86dabd0a7c37140010c33ff9aadc60f5e3ca082e305f23dae4,33081203
00050e6521d29fc123d198b820474fe864c4d938050e935ce268fe12fa5eff1c,29491809
000513f5c340c3405a5fa3970e71efdf080d19743fb6f297f1e64d4abac65f2e,44642574
0005140f78d5f83a224aebd6d3ea7b846e23d4f2e02c0b779f3fd7f1fb1582dd,54877331
00051657e7d34f7d0f7f996b4659c1809eb2516c7f4655d26b6f7781d85511d4,9164181
0005184f7d9219a8a07e50ed751cf1249e4657cc93b80b9b996bace6815e1fe8,7399662
000519af78f6b82a5a8cbb5d717c9f2535fa73325750c5c533ca7a33e5c18a42,44675483
000519d6844377482b5559d7a15c801ab8bffe3a53e3e41e7228d008880edc16,43138898
00051adcf9a49df9506fbb29225ca9cad95006833c958cba04e8c86adbca819e,78412311
00051c8818618ea9fc01c29a32e8af75a76f66dd2be14fed06eb4c534b0a428a,9683517
0005245f6703767df38d71d51f228e13d9261953f215ddc342c6863e0e3c381e,3431401
00052d51d7b591627bf5e1369d0f0388e7dafe3d5ed049774af251535dc4e5ef,109032864
0005321ae701746a0dbd0680b15234b1872febee3b91c1e81f40a32d5ab680b1,13637976
0005368ec563658b41793d0b0ca1a3ff9bb908b1284ecb590a4f65ff998a4d70,38023064
00053a9a1fdcf188cc094b8598a25ab10b3ff4219bf01baacad7bf97664dd8b4,128308172
00053cd395235b8420b1f1e45277f10812937fd48bd5ad4be3d9509ecb2a9bf8,82527106
00053f10cc383bafbe4c87f0e5bc44eee6bfd21422ed09668bf0145801a11a80,102041568
000541ddd086b0ab89ce1698170e3ce77709da52b55427fcef273c4c03b2e591,11649523
0005441e8af17ce78ae346cbf4964f77596a4e706943693fa626d5c24e078c51,17026397
000544d9202b56b79a45ab8021567163c4012937e314c94bda110062795b6143,23960764
00054f053a1eec0f11ad02b089375013af65df8775646e37467fcccfbd965c23,32515932
0005563f8e93237c8f570351caf415bea412b645375ae91b5289d95469e8a317,19712981
00055b0a331eba9bbf9c64a7c17a4deb8f3f9eb1c7d6b627aab565cb67717f83,11183732
00055e13c8283b788e0c30fc3ea8247fedd671f7e7eb5e51a8534ddd494cb8db,106881057
000560771dab18ce55a27fb31ba644f585129ec540b8bcc2d49eda69d54e49d6,88609849
000564746270e74727d4197f860573b743f4ce3767ba82f228111c9fe1690d56,22327687
00056652ea4b6d7c8cb7a7cc0ec66e2cf345b9752923248251547521381d4b84,77395096
000571f54f2c9cf215d02554ed0381fd3d37f96859aa60391eba08a6700fbbb2,87992120
00057aa5972be42d212ad0974a9f23e295799c7c91901e2c0d9559386ab8a8ad,60558047
00057c6cd439c4b92a4801aceaf85662d344d9c35a7453a10746596684477e1f,12236109
000586c5a3fae60eb678324221fbbcc48f00b0324399e0c79d493ae09f5c198e,30302528
00058b38d03abcfae85d225575ae88fc797b0dce92c97cd4152e260e3604cf50,40196154
00058cd7383b550d916899e48035ba429372d9cf94ca20060e626039809bc993,5178509
00059541b7305a74537bc06f7b6e21994043a6df7dbd641fa04f1973ef4fd88a,37864605
000598e512cd776f7f4d96bc3bc49e8da3a54e597ab0fa41bc11ab93a225d1bd,22456128
00059ae05b1bc4032d40280a2ac5acc269429470e74cdb246b83df5e672b87a9,21210765
0005a7f63269fbc5c6a2a8723a4283116adaa9cde66a54911ffe4c4510febbf4,182874500
0005ac15d274065ce49c62f1fd2f04d80ef61e5c117f627c4cfaf9bd1a99186a,147100249
0005ade0842ae1be26784057181c8e2681b27620cc3aaa3b1d265f8faec5bf22,128414415
0005ae995aa898d45e1cc0ae27cadd91bab6392b9da5911ab04c43664edb1d77,9518694
0005b65313ee6c6488e21134642a5df31602e34c982029863f97182cc8be425b,109731173
0005b88b799fcc484b8747f8c994e05119f303d47240f7d7a9703763ade08133,8991257
0005bcd3e1b22db0dc03a3424656ab11b8095496dff540a0ed294f78e3c103c2,88654412
0005bd736675a959ebd8f0c006752b52fb2d477b4a769b10b70d52585d078eaa,40570701
0005bdaf34330d7abdc193b0e0e6e59042b7afac31f5214d8ef8b7085d61ef83,34426229
0005c16411b4596badd4b6ef8a7855403127eae1d4d2c4255989ab6fc7f32d2a,16118114
0005c4664dd136c77f9443973984b25916e0d88e3fced4700e2c94ef6324f453,52583238
0005c9a302baac4e3e59ab1b62dbee6e99e5cb2780f359349fd2d444033528ea,17294473
0005d37ef27d1bf093faf3e3d061de907ab38e6bb7d63077a8fe401353d688c2,167594486
0005d742ff85f2d7a22355ffc0e26d638d137c662a07ebeaaaadbbcc797a7a6b,33106376
0005d97f18f7ff6ab99f03c2f9030be5ffea8a27f7ff493843bbde6edded5903,8795376
0005dbe13a301342692e27e5520bd6353e3db56852ee0a71a0269c220ed815ee,16298615
0005eb0eb224789d386e37a5e4e9781df2699f06efaf00426fb66110e0a6f0c9,137674137
0005ece4f665bd83c8a596feae9809def54a191f4ea1f2ffcb2ea2d37a3d1bc6,20019879
0005f5021a19eaeea5a5d6f386c22be6185f59a9b12aef18c0128b647b8f39d8,84610787
0005f5373ac7970e1a92a69cf2a8f98e0a581917c46db4e852430ceca856f0b6,12813725
0005f934bb33c047d2268016b8f9207a54ee359301125cc06495aa2adbd2ce8d,26024362
0005fbd19f2d53143ed5f58020ba381fe4175eeb8ccd3a1b183261b24c68161e,3424723
0005fcc08cd59420c30248d8c64a00c6bf203f609d2d030cba013eefca80937d,56888510
0005fe1d399cb4ac465961428e742f46585071d963800bbe41afeea23398bc28,51949110
0005ff853087276af7c90eaaf83dac9d15a8030de97a7d530d02845022214ef5,112508443
0006040f3acee00f31d1911e0ddae1f8733532c6f332a8dd0fe8d3ceb8eacbc8,26945625
000605d403fc45a3521f84d1bbbe1978ff15f58b60e2be5cf8d0fa563d8eea3c,66457144
00060bbd2feebdcfeb49b1ce736f3ceb87178a05bad8588d7602071f159d383b,19326266
00060f458705925626fb81d0e3c93cfbe4bd63df8710e97a60f62c0c2bf6dd08,51266761
0006118701f86d5bdb08018348d104362d02fb706615376b23fc9dedb982bded,4636282
00061467bd480ed700b573301c1cec9299bbc2843d86e1a98de6d3e002b1a100,36656276
000615080838adc0436c5039dacd0f970cf918bfc85d1f3b2c50d856b706d10e,33831600
000616893249b6a6de179bae234463d5845cc5759d4e826953bb116f37f1829b,40472511
000624887246dd6cdcd3e24358387eead297d272a1aff65ab267cd614d4cc6da,14531968
0006268306f92b5f0d43e4e27423b86003a4a477de5c497a4b5556778e579119,25330376
00062baa04a214d11994f524c3ad2827203b4975fc48688f2957ca719a93e497,101449857
0006351bdd58ee4c0bcaba1d832aa7e193ef16c4b5bf1b7cbfe3931fc59cace5,22749172
000638ea684ec8ca4196b5e6a6131200ba245ac139aaeabf388eaf41a40c3402,19683157
000639496e9f1261905aa41b9ce6f6c7af9ccb55f474729022b8338b11646de2,6852192
000643a0ea37ea0c807eccb0e6deeef5da42303744ed5e589e7c0bea8ed27cb4,26965144
00064c9f4afcd110b611ce56ee7527d4f2405607f9d7d1ac25e5fbeb872c225c,65283816
000651f6d96a5f01275367413d33130884f5fe2fd65e08ee65c67ea62813d159,54612680
000654b7e39ffe55bc368675a197044536bde8ff8478a454c1313775d0ea5c2e,47332129
000657ffe1ffd9b0f709f30cf52b071b194f18215b2b0bd066b1250e791d5cb2,75419481
00065bf520506210a0032465a4d1bc2c587a3c5e3ccd490b5027d586d26fd63b,25990237
00065c6cc2f93386d86ff29d42682f89d54ef5988b030409af85dc359d8b0609,43017442
00065f7b8f9aad5ab67b5e3d21f520523e98dbdc6165cc8d5430d70adb2e0fe2,62224988
0006652942556b026cf6200f41e3ebb4a327b296c0446742e4595b43486769dd,6042425
00066deffe0d3ac8f6f06320b7e07ecd9e5998bdb1d243ee0a736b64a88c7d9f,31515696
000671c26c362d3a8a3598e1db3c4ec220d015867e6466781734f6eed6ec0eb0,112241154
00067814aa98ce23669a243ef4107f32ecb1159e24646293d45951f435c9e32b,19422528
00067d11abcc024f97ac559ef19a4ce071ef489c6e57474fd1266faca7c4e05c,195565341
00067e796efa5e5ae556b16889b443b3ebca66b8f085630835ecbe0239e2d450,24426974
0006809b246f1b1654217a71c49625907a00f91b86b5414f83a7fba97a73e6ea,44642874
00068ac13d5a326432e6c30120f4485470227ea5c67c137698676a7a10348bfb,61540809
0006932dc1ac16a3e0d6a6c771cfde218c0c3513d67354474f3fc6bbdb2f0d05,25357633
000695975887a71abf8deb8a3b2dfa3a54a6130cf24a65ace5f74a2064042089,42319115
00069894efab74d61512c8154defb4bd835761aa3032bd4642417df7ad15d923,53546251
00069baf886ac48d3536b4095de342322ec6304f9bace4814801d194ed82df02,4364137
00069e90d89febfc53c0db435962e20b9a8434d961b3b250e3be3abdd5b00318,70808501
00069ecd2de541f6a510ae6b2a266892c328edea5ecc3bc9681cab65b42d3538,85950869
0006a63470026913dbfcf4118ccb13f35f7d3a3d0dbc3da4f44b238266ff2880,13831374
0006a92d6e8cebd5f9a4889979e28190e1e360a505945ea01a344e1f4a209c98,97920978
0006afad2854c4998c2f55a55cc6e8f03454bcabc4dc64daea71f79b60db0dc2,123673723
0006c03359183502d6d45c29efb6b89dc592b3d8413e4779f6807c25da5a6415,6270974
0006c290450708440ac022bf6a0d3c94323d2be6fbaf267f88b7c5c141045065,103221549
0006c3995ef052b952932aab1bde4c81122d8b25f2beb2f32c2fc7b6f7db5719,23421633
0006c4042d2e796eddbda39f2b9adad98205f72b21d57b4a8838ee377e99bf54,39677715
0006c95afbf4056fb1155585f1b1372d81bb2519248ec8670e738f399f547467,5707666
0006ca4056d9f7c86623849c4189813c91b94f1074c5c6c1a933085954ba470e,15118794
0006cb6220e4cb95debbeb522013020b505cb13a8e713c6da3b741872e0d0a81,46707242
0006cdc2c46b6a1bd04b8fc2a5f95b60279dcf0610c7ce7064d096604a3b7d0e,19946417
0006d364ec512cb29938fde9304e938d9f3b7a24ec87031f9d9f0c7631ebef75,72373036
0006d5ecdc9db807608341ae10a7c27c997801e82f739240ca3c697e72df2495,28295238
0006d6498cd1f38d1aab76c83820b12e207321eb95b27106e47a8bb9d1d65239,16415751
0006d733c0bc37ea13c5562a1ade9302b8eb466a4713e7d71659dbe1b8aeb7be,11781976
0006e1d5cbbdf6539485ac262f84cc0c00e03df07ce8599426422473b11ae437,10591943
0006e24c81595ea4fb16dc288de7f557730d128834371e3c829a53a6de4b096a,4865080
0006e4419671f804ccbed3587f93a6e7e36639eb0cfbd7cc09eb7c742a9ee8e0,29119107
0006e52d207f528469f0bfe811b8ace9cf67d8f5601f100e4b8ccf1928706a35,82457628
0006ed12ba313049585785731835ea57af190cb21e8cf051e2ba7e7866733ac3,20481527
0006edaae8f15a2ba9644d341f1bbb04e1e095aa63be89f4fd9f7ffd40bf7783,28252516
0006f0f20d05ab506ea1a9739c278e7b04f509ed2aa816aa67ed86d994e4daa5,48783079
0006f26a3a750dbcc5fa6b777a4785605191f481e5f61ada937d8f02f3085af2,34836187
0006f5578b7aea98783033bc6b4edfb9b892a8a03cd5ac176c13b6ab9b326651,16827726
0006f9ed90b5d612f301074700d9459e45ca230be7e553690db1e8f157c8af58,9238575
0006fd644f3101d420c211146f02bc7b0a2eb4c27b32627937f43a67a523b662,19631889
0007005d4453b2cd5137123a17e7a014b8a09d9082e52bda21bd0bc507ce6d30,10320637
0007025c5db4405c3185d0fa0b542bed7074c12862adb58ad59bb12764731636,66612688
000706ad4308735d77d8b9d603a136eb69a5138194fe6b240820ef80a3534df9,4412628
000708cabe294916461ba104f4504e2315f2d7cc173bb66ae830f7daddd01518,52842124
000709781fc7a75d3c5f211e49b1bf9443f5d8785050f8848ec9ec6d4bd06918,107397486
000709b71272bed089887008136604aeea7a03f2bf05a41354e970280bad1005,13516566
00070d16153c2fcdb743697e8b76582ec707f390ebcbf723ed39448399f059f5,10965257
00070d21188bdd5d6f960211b1774b13aeee6336fb7b80fd1b7348b4d21280c8,53792108
00070d627a6c4eabe57918de970d2b5e1429313ad1e41c89e33a80c750e6fe81,7096744
0007124a7e29f2614386e47cdcdadc544df00983d19ef988313b043db5dbe937,10555848
000716dd7dffe65a4e626079d0fc4bbdc79a1646d2bad67ae17618dd1431e4a4,52877777
000719f1ede60daa92affe878bb22a24d844a721e5baff58012b40d8b09b5f90,87414643
00071ceb8a37b587435d155a9b02f2ad8cb4602f9a0190afc31f6e2a8a129c47,88614805
00071e434d2094e35e82b948471a1f61cd0284f57a12eb9244088aa63963db82,83265041
00071f16f2e72f3f27fc470e2ff2a05fd88b094bfb466d082d3fbf06a91d2e4b,37602737
000720ca6f92b122b8e6082e4082cb05ccdaaf0cb9200d63707a2cba5640fab1,151756157
00072302fb0ecbe6fc7d82a2674a5359a3be67d0f3ec38bb429d4187f550b155,7920646
000723c1ce67107f0c33217238a842c9aea8eac4b7a5a85789165bb8b1f616bc,22564821
0007340ea2eb2bba1e357dcb5301add52d1b5cc2c9f19e2313371a3c35b9aec6,40498440
00073a4068e8cccb636e63b6e14555f75463e7fd7678a341c8e9791f2b7f078c,16446999
00073a51f04285cf9bcf99866b64b4ea55bce77ffd2ad1ec95c154be6e983dc2,10378143
00074392a908f918f75a011d476b7ae14c14911180a472ff805ed1be90b70e55,36587009
000746465846eb162a110f1f71e6f1c9c09d07ec0a7b1a6f79af0248f8ac9c42,83385717
000748c1c7773f8dd66e39269823e5c1cea060445d08fa864cb0e74562841078,12231556
00074c7501215f8199ea27af57562abc0a11bbecd772ee69e90d61971a723ded,55280762
00074d41531d813365f602477437522745d9e479bf955e5f1c8b2dc51c1c8b9b,5501388
00074fadb3390b6ab856ff707160ec44ef41f06a3ccae6fc2fd37c38e56004c8,54539076
0007571cdd2e1d1d3b8759aed31e6ffed2e317d23345516d1327148b6e0751bf,106529025
000757bb671f2759c46120322b35f864b8157a1f3334ae362b150acff2f1c1fb,37372467
00076141de90dddaf871f7cf9dd03d3f6092c25aecce78f21f7048217cbe88c9,4297607
00076146bd9fda65e9ec6782cfd29720b03a8f440739da083da55d66c792c982,56240451
000766a24dff3d66a63ba1e7db5049a214bc34dda1a2007585ac210e21717829,49223272
000768f8fa4c7c739fd29d40dcc393fc747ae0c7ce001541bc1bdb759cba1f4e,17266075
00076a7c60fe6967c92eb389118ac48d7385e58dd352a53ee15435ec966b95e1,31580770
00076e5d7c87d0af139c2f7aefafa74c004f4c258dba8456703708e6a7559b5d,21264010
00076ec24a77b957b64fa15194fe425fc0c9ce30a15ca406ecaa7919cb90105d,29902793
00076fe48cccec03556fa3de7b5e738141ced380be56b16e49c1f9f5b595c10f,12873162
00077282e42b94d59ce1d8f87e9456d3d3c0ae9649cc5bbcc0dc3fdc4ab85ac0,40354333
000773e4a5f56172c442ba96cafbae065c0b3a62bbfdf2f50d06fb270f73bc24,9086320
000785cc3adfab7a25d0fa7915aa1c4c0a9d72ddd39e2bc3fad3cd036a45e52c,46992259
0007895bd65d308c5f9c27c4eb5bcb5208f5ee9e2d03307f97cd6c9368f2bb6b,22789036
0007903040eedd184311ac16aeb19ec88686074a1564fd47f1f3848c785fd78a,73610437
00079483d8d5f423f3663d6f0b25c5da07fabaf678060cd09dc3f41e4052d512,59146174
000795b2b8781bac7bf3d993b301eff97355b805e0673081f55ef4f73d79cbf2,176091312
00079b1b98197c10e19c4e32536904f84f75196ba4c435fc19a54e9365e99921,16991345
00079fdd130e4a0fad891020dd643fd2c9c9238459f4dc99cafc808a65a14804,17012465
0007ad49ea237d4f89d0fbf9a1c38893483c421536064fbf639f7af5c9f6eb23,35656494
0007b0f40aeebca313cef23f72816c159724e9867aac0de03260f78f6451af55,39763389
0007b4f39ae209911de6697b295e6f64a51140c6a6a6d2c5ecb5d1e818f3a4c9,41362081
0007b581966c38c3cd39480d4ed88dc19a2cb1e088fa799edafb9c6a643dfac9,18469344
0007b6e4a7433d08f98abe5259b23f1fd25b806fc4fefe40fe9db335d571968c,122329978
0007bc613d05c378fcff1fc1a8c3d1db0421ee734b4c421ec487a772a38f01f7,23193475
0007bf05a4ebcd3cb7f0998fc1f23b6f2091edf69f1b4f244bce39895931474a,24762883
0007c465dc2e0e2b75fa86b33ed6a2a6240fbc14cd3fbd1ba2c1b28e21954870,5951536
0007c677189c65d9c96ee722cbf84a31ad912bd55272db73845fe6f4330b2c88,107807817
0007c7c9c698ae951f92b315c4536bba34e8ec350f72e752262172cd304e56de,7116450
0007cb093b9b16c173b6b7753627b525f1cadbbf4cc921c1c47e903ec22b2cfe,68887552
0007d19b357cf8657870b0403d6f630073edbb64ce7eee263d5c60228b4d5ce0,3713453
0007d1c38f8e718c9ecd04d19a896d289a59742abc4de5d52069d7f1602fd883,12562853
0007d43db23def1bfc4dc77d44692a5a64352e6bd9e8f5542e3f5344c2431d21,54187914
0007d6b61385a4fce8615cd2596a57b279025adeddedc3fb5693d68b143bf1db,31522948
0007db7bcf0591b7a03d1758833ea8a88e505e3687e5f3626b9c07b214f2ec18,58709601
0007dbd08fc0fea50e04b2513b378a8d12c8e3d08b39a88e865d6ca82fa5da4c,5155762
0007dc986d9da08da737d024110cf98b44194d2056e71a93e7808d016a2e6a1b,14545255
0007e0d7ba41211a3a385d320710ccd213d07af4a35193a67b4cda0d880d1485,56382295
0007e1120baef5bb1369031fbbd194491fde723edb7cc538c7aa2823ac30e14b,16789224
0007e6c29484fb3a463c07a26631e9db461b0f2a27e61a72725b91182ddacc7c,20575450
0007eb909c8cba8f3a46d27bb8dfd5bdec41a28b0c58db038afddde9223ece37,25999104
0007f64fc04445475eb18096b41e2c3635198fedc087625fd337f64612d5a0d3,18446211
0007f9c4bca6763fe159b4d18830d32ef1c888fbd45f4c51dd550dcd9f7a511e,29085377
0007fef514e2fd082902a59453c170b0782e0d8f807548bb9da42acace90e93c,48645447
0008029020bda37af8b37cae7d3f668bae890a2ce1faf1b46b9d14c3ff467845,19107397
00080417f383278a2018e39ca49381d9325f7f0a0481015dcd1896896ac8b083,6419295
000804973862af38f5be1b0173555e6d253060b31d304b7fd2ab514bf5cad35a,6356621
0008125333b6dde62829816a5142a93e9f4fd72e220f160fe3037515530cf372,16540912
0008126ee9e3c3a291ac0146f2ee37f6deb11629d41616b5107462b20bd7e89f,13007907
000813f7df0186fbf79e057d9c61348a4fa7215f0faa64af8c3aa49c5ebc0bff,36321302
0008149943ec06cf803c72fbc7526d835d95017d2ae55f97e9d07f17e6bd0660,11927957
00081b61808345d09ee3b0b2c98502c00bbdb027d2b6e0beab101144bccaa2e2,16869634
000825ac5585d34da2d362f67ca0e6bd6e10a5a4b079bd20aace5797af077ccc,78256887
000826cdac7fae0ba58018538e9da14675092ec49948ba8f08fccbe938e475a0,96481779
0008276259b22abd3d9ac5ae1a4d53503a8a2a2329353a3d7d7b856bb3b32dad,31199771
00082b3ed213b44da16a60ce96e363f1745b0086ae3e4e1356539e6d762b2f25,115457783
00082cbe62dead2989a7aeb19cc83b9ab80d685b72ef54484304756c117e48ad,24365089
00082d81a1a4ab8c02a51df2704dbbc8a88ef23b57b97a4393ae6dc9b1825bd6,14132215
00082e80444066656dd55e4743c39d2c5740c7874c2ae7773ea55de05b75516e,15055277
0008310c34b2fadb48f8adbf13129332d3d5be9103ab44ca5e3aec4d6e18662c,53417208
00083d28042a8c196bd9e16065b62decca88ec4a794cc87928b3a811b175eb5d,9795853
0008438fece0a6693de5692458c22de63c09fbd02270f3554b8c94229fc1a14f,36595438
0008554aca2647f5b0933ce0a6bb3cd17b2619ee2efff72023cd544b1af1cdb1,134235074
000857a364cd98ed1ef6c899c7e67a7cc17d0d9ecf9c9255b82220d848dd18b8,22125589
000857b52a2e38fbecb040359780dd1d547c14bae0913365cdfa8cd6de34e7e7,53048316
000859754c51e8d22d8e7cf7e996b3ebfbebabe2d2bb12440e8696ea563858db,36602374
00085b286686075f4d4eb53ae59ed809037354de62a078adb7fad30bcecadf25,37263662
00085b83244dbab30b978f15f6ecb0b836e412d1fe6f53889f9c75ae67156fbd,52354320
0008670d4c226f3c9d1b23025a4f89b242a121e2fc6e98a29aa8b76359440638,74589119
0008676ee7b59b2714ed1983799571dd43e6ade4a7a0bbe0f1878f321485e04f,25074966
00086df76bdc67faae525bce21f5a2075c5e87404d16363e6044e677f4d94e0b,7056318
00086e1534c97bb41f2ca95abc18a814b0b39cc2587b657fab01518ef6b35285,38369627
00086eb5daf53624f8aa56d650c3c945aa069c3274e6d224f1a7b88ae2b89cb2,30635654
00087842f1d304c39295256f5d3b28dd0ca16be253d4be605d60d526e3cac152,5203406
00087d215c2e3a846cb98c546100f501eced5ba82e28ddc3827af90c701620ac,63111281
00088349a715efaeb6cfb9792eb6d6eaa67a6ead6bcb0ec1d0054e47b0bfcbcb,93281273
0008871062fdc400f567f2ee7207ada650dd3753806ea1f464ac5d241e2f5202,30772797
000888b529302f797dac406a66477967f7323b4a926c180842c80f0452a92abe,114804940
000896db4206dc4dd622d04d0edead73b0e3345461cd802cb70aa5f38b5a19dd,19615622
000898c0dcdc4ec1f2cef03771e82b4fe235c6751f07e3a81e4f83212dcb238d,11756526
00089920e78be42d3e074455980bc2c3a020a4f8a3d3b596e10c762537e025e0,3878670
00089cb9d3f919f1ef2ab4646029ba4bc74a56e21f4cffbfbc06acf012a3858b,21822941
0008a0b992b5125feb0132bf73cc455764473645cc7bcb57fe6a0b2c77f3aa3d,16252489
0008ab05c89a9962d9bebc8d1bbc05fad9a8f380a74d36ea02653d885fed9c46,74967814
0008b2e11a6677ef7096a98143471c41ef9f052ace6518079ecc565d9c4aa412,9143460
0008c0fa268bd5e2fc61dd7fddee0a6a8f2807b079386e3ecd5fe905365566eb,11516063
0008c183fe10c54cd88e5ab8e3e7bab636e9b23aabe81d09d05431d8bf01913e,32648172
0008c34a2b2176e241fc377264cf9e0fe396b8ebc2cbb2191358b49924023698,131195040
0008ca896c9e9d5e4a5ef19f3df4b54b6332d8794d2fbdd45e9f8f0fa76abde2,12881725
0008cd17335290bfea50e50ef06c79735206ce2c88960f3651a8b31a359429ed,49566139
0008cd2b58476936bd6ba64231ce4a5376e6c9674c049335e9034f1a267081b6,150503840
0008ce94c975d9395145c837a98f27eafb54ff40e53254451210a9027bada0f9,41094334
0008d048dcbdf172e34220fa724167ca47da44c9c5992fdac750a854b781c4d3,56441100
0008d0d3a1b004c2d26ebd162bf216b1c75fddee6c59f65c02ec6f3ec598c7db,35672751
0008dbfe1d1b644978ec79ffec6b5c752760e2602e09624db027806646e18221,13344268
0008e59676fd895067a73cb62258ab0a44bc31517ed24c6d3eeb9d8519c1a411,62852133
0008ea677cc02404b82c1d59d78ed50ea6f651fe5e09769a700285a16fd10f53,55196204
0008f0b9646de4d6ff3ed180c9aaaf3566f1861d8a8302de86a593d963d3b2ff,130861371
0008f7097f3227f05021edb7f542017fb3a8811cfbc519a35bf8069720d12d3d,23111843
000902d77a5891809d58be31f514865c246bd9afc553a424e74098b21efd0b69,14874038
00090a9d5630a03e411e3855d656bcdcc7d7620b7a708456bf5518d9d02f53be,46188816
00091332ca711158d48c1a926cf81c1c919461738bd95192f29ae9bbc9d2994b,7769408
000913fdd7a7757b7cdbf89506a502e956ec1c59352d0cac36398bbbb2c553c4,53972195
000918c1389d0f5f4180d71aa0db0eb4ba63805c06a2e4a2109a04be2cb59f37,4205296
00092432674fb7d2192dd45d6dac14449c0bb876327e5275d2743078ebf2f3d5,75540962
00092658b01496a1eeff007702a1677c87bddb8f7a7eecd8e3044f2e80f7158f,33394197
00092dc69b781c8d46d4aa61eb37c23c705d53e60743c526242ee4a5b77f8093,7057047
000933fa10282d9572ef512c46c81110fb3dd4fbc951f863346c9c837fa8a728,36787023
000937025194d9b4b50a9be3c316ecc196a075922a9e9904699c755aeb63ab58,70183303
00093c9c3215b53c5847d9e849e14222375901a9169b6b305588fed732b6d99c,17147078
0009403c89d886214828bc6efe02ad375a0d205de960f44ab6864aa27c76d0c0,16196849
00094eef7fbb2e7c8016fe89fac04a578c8021ced647921f19d66f995d88e470,33500814
00094f823a0b89802172bb3ee642dca5569bc123dda888d32863c1648856b3bb,20441748
00094fd81930082fd8abe0d1ab65b1f63b6a8c2fa6fcfe544675e3e87b895901,12202026
000954cfee3408fc4819ec5db21ed2896a344a2f96a57c5baf98e92a4dd1e6da,62561774
00095630ee2dd25b3c7c5c9d8cca8d526ec42ffeb08c2f3541a29dad9ea79037,40730934
00095ace8d49cb8a5cd9cbdb4ce8672fd1b5601351441984306b4ac7c6fbdd38,70146253
00096404677a673101d4be95f9d892ffb8a0f1f9e0bdcd82a305dfc9acee7ecb,26476673
0009653364eace76da98838a0d2c69f7bb416a9904f3031f71b3fb30835b6311,22711450
0009670b011c2c36f72b9a104e0425913b00c795305091f93adae71b0c5ff8bb,21581735
00096766e2c734da2dc74dc69ddd5321d2f1f13edc99b752a149a3b5a3170dd3,112994610
00097117a27307666f36b7f55cce477a9a6557da11fc34ba6e81e07a810e9ffc,9392822
00097ef019ab9e576d663e555d0a990d64f7c2a71e00e49db398b16674216fe2,5871769
0009816c0cfcb17541f6a434c0e723629cbbcfcd38ef1368d1f320f049b44d47,42363672
0009837f61b360fd4040516d5c130ae615247a00943772a9b7ad2ecb472b4bbe,14624047
00098a132c36a9dda7742ecb1576c92d1b8e3e40cf958778e3180cc9424b0e29,30458490
000992430a94fad27650c34e7c8cec1aeedafb3fc948f6ef10a4edf08aed4e1c,24048248
00099d493cd10591babb0f2c3ff39eeb4bc973fee9655b2f07d37bbcf02dcc1b,6778987
0009a505e94f2594577671ca7bc3b76e43ec519ef9efce7887d54ef555740776,189593816
0009a5aeb876e51398805b01987b1da56e537aa5cbf0378f4bfd7bb7e973b9a8,16924644
0009a65639e032871587d36deb45e0bf00ac057bb45386b8dd7dfbed31a349dd,19821814
0009a73630ca6f7417302cdb811e37812e8e0e628481df64b78c52c7f17b6c66,57157117
0009a7c67b19a64da8c99e352eb4f16de600637cb430dac76973858e27d694bb,15753543
0009aba18de013571e086dba8a831ec7ca7581c59a228e729a3b1fb5cc5205b5,61933896
0009addc3b2d87a94d5f0e984c01776093bc611c61a7a7fd369125b72a2f9864,18367805
0009b182b04179059948d9370c572359bea332bf10da2b43ace5d64855518c98,11671400
0009b75379eab477410db51f6bf1b87cabb7acf515026b0ca7117c3a93442100,59026262
0009c12976b0e1030c9ebe162ba4503b695c1c4206b1990ce97a9a6bb271dc58,16341990
0009c5849e573a3b3e5fe2027e857cdd0e776c5334386288592d89fb23ec01c1,3579706
0009caa595ff368ee8e268547fc55aade183543a84dba46fd63275fc6c2177fd,12412761
0009d752f5812f47a8d2acc1b9dd9a65f753f387445c38b0ab79f7fb0c909b56,20106598
0009d8e0f26f62469d611aed27dd2aee2bc605bd92f84c3198300d9729254c83,13659214
0009e38e724b752eab21d7b3d88034da77ec72d81021f146c4ae26eafadd957f,10107161
0009e411f612bcc828bba2bb9571b1ec4856115962b552f74889921795b04eea,29071048
0009e7833652ea3a5f67245fe3b335202889fcdb047799f8f8f68327115c3432,56673533
0009e83c8988020b9fdece5277eefe10b036c28e403537f3b06348123cb5f015,26240177
0009f14e59f64eb91255dd6186b31e8be185242cfa31913d64a6610362c5c8ca,48644632
0009f2712b68e29f8f88fbd2a42583ea7747297ed76c98885767a7cfe3716cc2,15994393
0009f467e11db7d2ddee152027c4fe2ab8bb323b1e6d291e6dd2244c4f07c3c7,11079260
0009f54b831d13b790a68dc929b7fb6fc730514412fa53fbcfa81c9a0fc14713,6951208
0009fca48e0c836319ce65c91d5efa2db2b8d16a5dcb868affd987f14768033a,29839113
000a010895347754d4c5602131e1cd076fe3580e5b834c125ba8908ad5c8c583,20594670
000a026331dbf5ccdabd607f3edabf4d50fbc1be3eab20e725ce1bb3ea1f0ee3,4253047
000a0ef7b5acb7832b524eb271e9fb1320a0fb983b8bb32e3e489b7bb17cbc24,44359532
000a1619b2e381942258c7ec12480fab05553acbee5a4657354effe97a328c18,140403480
000a1c922b829477519662214e9af12ba55c578196760bdf947c0b81cf6d0205,7555977
000a1fb1519d80fccb6f069e5a9f5f8f6b224ac7399d819d7f5a3323ecbc7661,25296788
000a3866088984e6c4db1c79f302c1545d3f1d753c03e0c18804c58696c8ace6,64844719
000a3ecffc8b4386f46de616fd6dfe2ce622d2b87596fbc72d98022aebd50216,34344343
000a4299a6dd0f28e10a38c668dbe373383a6690ff69ffa9c772e729ec21606c,80402574
000a43b0a6084a732ac445b3ba42be4a5608d3de72d69e9adff368de15a7fbb1,27000750
000a44371cd471430a67cabddb1f38e321b86d64d2045e8be17d76f114e8ba5a,49169408
000a48723abc88cbbef59774f80366a5c9986d910e645f87ef4785b7d2998544,12084734
000a53a985a6ff684523914fde71f77cb0e0760891ba2887f4f16068c5e5cf69,71497108
000a53bc33c7cca3e1997e192626b8f313c41de7a79019f3dad43568563058dc,47653631
000a544062c8640defa2e9a4e2d48133e79f85a3eb66d886b5044ebd277795b7,44472458
000a55ff499189634e7c0f90b2fbf2546166cfcd0577786eaa117fc425778100,53989414
000a57070fbcdc12cd6df48028bf5c3b7a85ad2e09a667f898c1188182e8c6c1,52359840
000a58e856f17cab38d1274f46bff9d2e1b56aa6455fe156a828028395a2cdf8,73571921
000a58e97a7ca02acf5a1dc0509b4c0aaa15e811c25e5ec730502065570c13ff,3893126
000a63134b0859bdff5c4470afba802b10ed59e933defbc994c385967d5159da,4082547
000a6d5d9ffe308b158ed52b9c617a322e0f6590f3209c7044c743494db52e14,72201417
000a70ce7ecfa75117d8a44ce6c197190a1b40548fb5bf2f5e7a9163373cc366,19600322
000a71ba885628c84b6732d50928b25a07c3015f4862a8850ea7b76caa0b76dc,10775393
000a75a655fe8fc0845dbccb2b9668f0ec7757500d4b457c936bea3f6968d34f,60567161
000a7600215c2b1aaae64371824da3259d3d8524010e8d3cc9c08def10ecec9d,14330903
000a768a8727ca97100331fcd7e41e01ce626a9de23387783d9593bb66f10004,91017544
000a7ce3633504d97bf848de4844975ffa2500671a1f45be928945dd53005747,12093805
000a7cf8017cb363e299e224438f2074f97459b387766056e4ac34b0949f8839,27566438
000a83f6e55df65afe4fe1d8f54e1844c84a1bee33e318f8ed51c3e0b21ae292,67129032
000a879d89c6b1a499af8e1a49996c9f3b333273c10ac098cb58edba0c8394d7,10912796
000a88dacb3aa1f85090882830e0eff55f137866c2670f73cf67c2068cdaf90f,50060841
000a8ac1d514c37aa8d94bfbef485aef9e6aee47676903a93fb11abae63de876,43465287
000a9000dfada9db7ba8671007d4d9eeef5f06cd0df8511e0dfbf4c95dff695d,7621117
000a91321e71395d8c9bf38ae99ea6dd12b565879adceee256b613bc39186db3,101316943
000a92e82ab20466d0745f2f90fc5355dc4942717666c5a0285df84b7257d758,30304220
000a9655d0a8d1020317c2ed3443170af6e63d15cd792bc4d1d24f0d013020bb,35557715
000a97d89b6a304c67da7f258367a1d9898ac2f91a790dcdce632945a0cd520c,67626712
000a9d7e4c47e1688aa4f5254ca15b452ce71ffe7c479adf3348e16ca6d155b9,65893514
000aa1ecb8c5f18ec2706b267d1a9b72f3e5a5e351c9b1cab78a843215279120,130464113
000aa3aacd978a9974aa6d9c527ff26c16739b9342e8e81caa36fee5a9d94242,18215598
000aab60f856d1288ce5df05a99d5c085b2dc79b5ac724448411e7242af89fea,10679922
000aabb1d07ea6d0406fd2a990a55d6189c46fead10d2ad0a0e670c86ae80174,42591125
000aabccb243e4e04421de691f6a36c3556a1c8bb3239b7786d7c227f3da98ae,64075881
000ab154d4da2865ca3789268813a15c683bdd3db5ffb38c1d7656e0e6a20daa,3636584
000ab1aa0a26ecbae2c06f7980b4cdb1585eac06ad4785900b38279dd99e08ff,67695749
000ab57148af26174677b5e8639996f823c770be63ced04c3536e2c0e4ef9013,20919072
000ab81ef106a1f4d8fa7de0d23b79f6cbbf4838b41e59bf65e40589ba8e343d,9672257
000abcb99f13d748baddc2ec763e0a3435d8dbb51f5776dbd91ff623ef87e2e1,103152839
000ac1a5cebdd9c5da0f62f6d7208b9a1966cc3294220889ccc1d3ca48c2ae21,38362237
000ac302416135481ffced0d21827e10c63d008d5d3523852279152b6034d108,48852563
000ac46f1c75ba374a9b26f350015773a41e29c39cd5e1cdaf657730a3bf79b2,6326626
000ac47cff7f43fdc94fb5ec0f021f5743282dcb39edcab5238a7f4d97bd85e3,56591586
000ac7bd48a41292995db3d877df4e0980b214dc716205ec08dd5a8360da842c,29762134
000ac7e04ab4be6be79dc2b5833dbefbf4b5ce42ac8645b48ca36ab31b6895be,15958123
000ac8ca9b9d87b8c1441c0a56b3925d8ac9212929b499e68db043d2acff32eb,74652293
000acaaf0dee460bcff6216efc41bba6182f442e62a171b8d586a07cb275a466,94504119
000ae191796dfb6627d19b841ffba5d6d657ef12a500968adcaf5522588ba7e4,81077101
000ae23777acae287965a6cc929549c198b7d100223452cb57828d965baa3db7,19110023
000aef60cc8b5a22a282e85442ba9ebf55dd7bf45c2550f72c18883f27ab9846,68727481
000af24b4dd3e29bc3a6d2055e95f2c667ba0bbd493915815a17402bc100dec8,15634173
000af61ab3fe48dccfc949ea51b0e566bc6265fb94829023a59771b85b2ddc86,21441223
000af6a64e186fe07e9778bcfa1f5f76d23566bc0f43e196ac58ad804e834b11,97497829
000af7058e27048d9a16e47cf51fa0c331f77fc7f619e2a971355ea873eaa7f0,17440961
000af861973a705a60eb537ac7003338f267d810efef63cb02be0d984ac7c0dd,30006517
000aff2ee01f1dd504a9cae7625107c28e52d07338ce0cc44d6c7bb5cd729540,54822585
000aff4f6193c3c8ac1bb1001e33bc1b9471bd841947187bbba877ff3f85e970,4044876
000affed6c474f8a240ce28c4faa3303c9665550be549e04350a670f406b531c,72580901
000b00ca7ea96f1b37dddf87177ece047fb435211a625fd79aa49339527ff404,33055446
000b02bd2eb1391e621bb5e6f69090ba2b2714d00eb12a370e7ec00af412bce4,21121973
000b0334fb57dec8eb13e88e6a0e321a40d55d259de633324fd15ab9ef96c1ae,13860231
000b087d5d94d34a53ecc742bf85841979314c62552bcdfe9ac9ea5cef51520e,21741443
000b09f842ab744ee0349b08eaf9febc4c5e6028136f6dc0dbcd47802441f15b,32990553
000b0bb9e1dd0fc11795d8782cc325b9ebff673ed005f0af65b01cb0509a88bd,14845736
000b0db2403031f2e6a33448202d1ef08e42832715a0cb3bffcf38ee42e1f0ec,20681308
000b0ecd5ccd54baf63db110512e7d9b4b531f1191ef42a61ecb25056f2b2779,21124601
000b10deab8593a81d3463405c488e177e36041e59e44928c4a51d9751f7a3f8,48417709
000b11fb391716061c365587780d083772cdc52f6d076ef7de4137dfaf04f34f,15597146
000b1734cc950dedbf464192626bb715c1aca621d8c08a00ec9b19ac20ad218e,36294625
000b173f2c78572a31c3265f85bbf10ac20c0838ec3aefec416dafc3d8cb2d39,12984120
000b19d20f8f51529b8334a1e299a661338035fef574737a4bf1d4c81db70eb3,26206652
000b1e89da183f2e63638db0b45fba0ff83c3d6263d43ffd1dabd0a5fe53a091,33122474
000b220cfcee6370da490dd4bee050731da1c82a8b536e726f6a9132cbd511f6,24134085
000b26a27f4104e14936854ce452394a913e02d0495f10c908634799beb6c2e6,82795269
000b2e108d492fe22446545a42629f3cfb9f2267cc146480d47853474693669f,59346441
000b2e23653c0ba6d155cfeda24a14c396d349744bd0bace9b6bd2cefee2960a,25642886
000b2ebd2f8ec2f2f00b7a0a70065c80daeba6e2a930c5037938748244a87122,19631071
000b337bd9d1905af0c69e4f62f1f4bbe3e227e0d4db7ff873d82b39f32dcf0e,13783695
000b3c8ecb3a09cc2eb5a838bc4f0a3b96c50e40b56d805169a7611d79667508,12841260
000b42e055e06e72bbbc8ad74dc03d1a98434868b561b985ee0cecd6dd892425,167932777
000b47da3c301fcc0b70178bbaa3dd380fa1aea9d1712097aa20701a93ba944d,43743087
000b543940175c090b06366d0f64ffaaffb1505cd83683f41536e579bf877832,63882875
000b5515833164d42f3a67d7f1c36bc76e247865b592c699f2ab9f77ae209e68,104767554
000b552ff31ea746f683bcafd95ecb26bfbf7a33e3cb6ccefd0d0082cb2680fd,36100159
000b55bb8b671e616d4db9c74e8b21ed21274fb8fdb8e821a0d3a3415771b938,16340964
000b587de5e055024bcec140fdfe322c754da443b3dd19a8c3729b72b2a05865,9636111
000b597c4e4d2ae24aad144de459f6f2df5ceb442e9d5b49c751112409c40fc0,70651395
000b5a03a79665b38a48d61d75c8e0753613d633dc4bc567f6c58e958f0a6480,114557063
000b5b7dea70e72ca5b6e5e873325be0cf4969f395807706c5b1d84ea0f3ecaa,99599656
000b5cc9f34523f66af29ad8af713fbb34b0188f89a9e27ab9650799319cd63e,6705540
000b61b119c8d181105812ceb6cd8fde63d8324eb67c6f71a0c5632f75272938,10523530
000b62b21f2586092830670e5ed0b0a751b7a92715d929eec5057546a072a145,53239123
000b65a047e1f23e7522bdde6ffe1c1021f8bb2660d4918094a775e4acc063ec,6837464
000b6b787506d6d2a4ed9cf75affa130a43077cff9e677086009aac00c8b356f,19323491
000b6f164374ae4654a6c14e5a07a7362db00fd03dcfe50ed69fdd655860b167,104896212
000b70a5337a2cd71ac7ea347fd209de4f82fe1f28f69673955e54bb201667e8,72587248
000b73b10fc99442f13fca057eb390110d2b69abd15763fd0cac5ae0a062e9f3,6966763
000b76615dc28e8a98cd6928563c223a8cec6838275c8d3b17d7dbe40bdd555a,31520078
000b7c0e47a818e0b5c71a71b62461c4ce44177d8b723211257f0de84f018206,46763248
000b8264fc9123391c1814699dbab73d4fe6c9bd6013bfa988a8311b71908bd2,36808956
000b8cd9d98dccc078b526917aa9eae270c767e0f6b377c5cf8df8bd883d2de5,13943901
000b8f99baac10c1c3e7b7f72ce867bb723c10b271fa0a9457ff0cb05be9c0be,11243522
000b97cb09ac59396196a02decec86c583379a48960b26e139814f0acee5a95e,66643961
000b9a769bfaa07bab3476abe1809f5c9725069912abd68b9775b10637be07b9,47359462
000b9ba63818b90e7bb6536e6f130256db50947502c7b55ee4a80d7d1b84cd49,101352248
000ba427d601e10d2ca79ddf4c881f080b25cdc803fc4ec584f06838529ca2f3,62386545
000ba4c05793420672cf808ee346b3e57293500251c5246bc014360e878bc7de,20920130
000ba64e6670dbdab2d32e1d3d8a44387a69639684684c88ab82a219912426d9,22456359
000ba68ffac6a22161020b01adc7cd12abe5ce783cb96befc7a984aff0c64c07,34723677
000bac41b8708faaf9039e40cc941f637a269623544b1143e36d508081ddd301,44761981
000bade494c8f676275704909619e78868a8d45700083313eaa839751ff17168,11507935
000bb57fd727538f372430451b09baad67c874201865a09018334612f8fa4902,59491845
000bb6906c8a4dbd2d2b701a2ef3e792d3690150e027e6168166d5647b6715a9,46519857
000bbb3a503fb97df2d351cbaa861588e8eb4e1b2f501ae28c351d04859e366f,5787557
000bc473eed403ea7f1a5718931164657c4ff9c529a3fcb059de8ec440422b46,18760655
000bc94cff1f751aab14e09357311dcfc6cfbbb9a0ef0903036b1994776b762a,61906064
000bcce9986df647c55e964d157de91328ee247a15af9efdf463aff62f35b8a5,29246654
000bd380631118fb8611d30c43ca8d79188ae53760b98d7c834b9ea766554008,22120719
000bd4ed972b94def4a3a90848d30c4155b28c9f4ef0ee55c5725b289ea14f32,55145819
000bd576e4e85fe4365e854ecf75eb8802e89d22c9ea56266f8d2c917cd41da5,11390743
000bdac6a1c529609784a85568f3224106f8263c17f63d0e3fbd8cd8619c23c2,35426085
000bdf7687fff6644efd5734830e2b6ef36c5523a86b540758134516d72beabe,23109402
000be16b126a83665a968c9210bb8cde3e286d293015a278e41cfa2018978f5b,15089190
000be5b3140362cffcda13e761b23d8c00f22a76cc5f99e46afff1e7525448d6,24070994
000bebd5c4b117c392a91976372f4b82cf446c94b70f5d97639f692fad3b62f7,92929960
000bed21b0ffac6905e4fb54f006aedcf6c5449ea79034993f9dcaa7c9d97a3b,47620733
000bf34c8fa8244385e68d47177f60f4630ea02d578fe2d3c84f0e8885147ebc,77901949
000bf68edda016963fbcb28da9cc76f495914b657199a9fd08fe5bf538bf2f7a,102607783
000bf912100cbb9f9c336d5101de248abd1a24e4eee274545d247c2eaca9c144,15161068
000bfa8a0de4e699fee7487500c8f5ef3a2d3cba18cc5645d424c9e343d67317,10746050
000c15702b94886ca2b80f7eba5af98980ebc0c9697b17f2ad79b65e5a4f91e6,61790062
000c16ea7a273513ea377cd5d121bf20274418cbd0e2daf7a38a5c2a81ae25b7,44425685
000c18e84d68cf4896bd28dc2a7ec56bad68294e3e09399ac12faa779a0a6d0e,12626083
000c197cf119eda66e0728ffdd35de80e184a032bb0e1ee9dc675e4ac64f922d,9460745
000c2142c54545cdcffcd5506e1cdf3b6ca5de1c9b81b2229bc357e6e55e98bf,53402048
000c2921a7994eda309a6bb4789144e015b588ec02e62c008d0a53c306ab38c2,7703362
000c29f513dcc5abe85a68a4b51040db32a0de672a07dc9a42c6daaa53d50fea,69063625
000c34d0f17ad660318f2c80b83119b818fb01d0cab13e79bcfe087ddfc65fa3,27879881
000c36e1cdcf73848e39fd5e79e9eac7b6defb44a38397180be491cd1f04f6b8,7915998
000c3b9a0b5dfc41560e3b59566c40af3a58ac290712aa6e0ed33d778dacba6d,78109460
000c3e3f5e9d0ccab2f02a4e4ccbb0dca892bf1c78cd6c0c3fc53e5bf6b3c7e1,58232354
000c3f994d632e7b67574a6428d2475f9313b8ff2caf163d4c01d3cf11d75cc2,73924509
000c4375c35d45041d163275115727b88a6ed7701a32a066840546fb0dec69f9,32868335
000c53229dadb5a70f367312c6577edd8fc6762d04eea081e97316fbc79f6362,83990776
000c57db36cf53a08b31c312b3282236d530f50598ad725750abe6d67ebb6a48,15490528
000c5ed8dbe0d12c000abc0bb4917c3aa9a85f2572213419e152c22c8aa7ee77,27536014
000c62ed05291ecb8ea1a7f5f74086e10cc81d1426a337343d7bd46c324d872c,69128559
000c72fcefe3f1a0b95f68277f7a59479a0f4fc68500f96f444006c4608fcc69,4436179
000c74bf8c633ba06d1b4b440346e3441b1673a828013f5ac9b10342d1632afd,91851154
000c7ade1cdb9c470c3758514b2d00aaf33e023b2cda4b64ede807a42878fd06,9688099
000c7f77db01741add199fe3e63fa86f5fa17bd505324d4b5a6525b0a254c2a7,13798184
000c81102d93a76ddbd7be9f69b3836e975a2d869fbedccdd58ec4b7f1af22ef,61935528
000c821b80317ddd24cc10e1cf25e6c211eed18c925e64a2f4eb03e3e3055c6a,51262982
000c87a3d5077cad14979aef2f3debba519ff388a268ce5aa225a9967d54fa1c,21252036
000c87afec1e94bd92ef48d2f5b8f8d22f474f01c37b7eb42e5377dc02aaf8ca,41154674
000c88522bfe1c10e17a19789dd29e780f3af0c47bc2ce8b9325578d5eb1aa5a,20123448
000c899bbaa6a132a387b8392b4d6d9863f31ec5817755bc5ca930ec75f306c4,57181731
000c8d2be6b9d35fffcd431220e6dc06017a776bbd0e6fa94c25038836fe25ea,52759514
000c99fee084685079be96bfa27bd6e5bf92853a744ac276ee8fd546e9993ea3,86445221
000c9f1aca3215f770e650abbbe12fe92f2204c710a7cd59f22420c849ad6c83,4854690
000ca03c3212795631f185ce94dbc8b5007ec7c514109b9aa75e17316d0fc318,62152498
000ca2c4738e0aeea4c423accda4c9e9b921410eb8e3c3911761285cfaf0a695,82353929
000caa2755eb8fee9671527fbf52a8a96ad4cfa2c2895c66c148b4a725ba67ac,16209193
000caa3e75b8a822f6eaa10ce58a3d563de415a8b0eeff77791e3b4eaca4102a,3783254
000cab70dbd39f92ffd459e134005dd8b325fc2ad211412ed8b71de77d142477,16317649
000cacb43ac36630c9ef8a9577a371809ff55a56c8226bc2e124f7dd87609b71,46505116
000cb27fe6792018d9a82b143c643b1a32fb072993261fcad4e498564cd4c7fb,24947651
000cbbde65f54cd5718db3413e23a6074cab8676e71c622ff0f3924d09fd550c,120775137
000cc57d9db58293c3a968f5f1f1e5da05d174521ed074faffd807a20b1b0680,10693310
000ccc2796879049aad17584ae5c5362854aa52ae38e914098bb1a0decb30567,5967528
000cd0492d2a595b6d0cfff89055cc096efa13cf66a4ca0176d1f6245fbfd649,38505234
000cd0a1cc9fbbea419dc34612ee026e77a301f2d6e6723f685f2de0b878fd9a,14970441
000cd3503889eef9cdf9aff3abe4e4de8e4035f6ede46c632bd32b46f89c365a,23623824
000cd95ce55faaff218f99227af8632571454f501e6e6ac18fd06fa2335b238e,115851459
000cda1ab3c1c00e0671f20ee0898b95a327e1341567eb52507479f99e7333ed,50218423
000ce2e1b614251e5b0d96336112925e29eff9df71a7d10d64722801862906da,7774307
000ce5c8069679c276944c97617f01ad5294200002535a2ea035c578dfa8197e,35447475
000cf478fbb91ea8d69ff641eba08d11145c781435aa40839d69c067980f6aff,10352953
000cf676c6b7a6bc2dc0fb663ff1cf8c7d8fb4cac90206874d7ad1ec27057a95,24021049
000cf6d847c2c570809817cdd7529b93dfe32945f47ed828afa9521314d2c94e,20601117
000cfb442eee143e5ec88ef9e7f0818b1d54582022d34ebdcc9b9cc84911214d,6486639
000cfd016c45b64fb829035566f58d5567ac38d2e6f8b7eab631bbbac7730161,11793162
000d05a827ee96de33bd0ad7d0bcd41797e86a54a82350b3e3cd7d06711582ae,104676925
000d06a27028ddb2191c430f79ee0a3e34daba29023b4593061e80339f48e89f,15321604
000d076bc97e6d84a479a12a2e361056cd4525a54e82777ba7c0f0f5502f0611,57140119
000d14430e0cb89fd4ad7a2f4d34e0617485dbaa30e18cf13a644df3cd6d1711,41936282
000d1b86d46e4e99dcc1beba5592c958a3cab95d32d5a42b278f3ccf98527c94,24276793
000d1dc4c0686c47a78b4632333c328e7bc7bfd8f0edb6e9eb3a20dde302e0bf,78097505
000d1f66ddecb29a79643c39c6cf724fe69d95cf3ac84e5011480a18767b8b1e,72908250
000d2c924e359fead60a834f22b1b080001c5cab9a673f16a8151ad2a179911c,13676313
000d37f047665f8cae5529e4cf35ac2bcfe76104f43fb558fa6aca03ccad7a40,12336411
000d3cb574d4e54756f28ba9292dca5ca55f345565a501c639cf69c67d386405,35009893
000d462bd878b5b113198990515e829c33616f9d584586720e1848810b7041c8,25810353
000d48dc56e49fba9b81a61f935b050b78ffd6b36b40791666501f261a7dad97,48999374
000d4d92367e5f881d21d8b7ee9ce1a144c8f9349bcc3789736166fdc8696543,45069085
000d62fcfbadfa393cb98d1892e0acf5faebd68c89dc385c6c136810a84cc18d,78589149
000d63dfd86278b1010b10273c8ccfb831ae83297e7e400aedc75d992eb9e5a3,9275523
000d694c543d939999f1dcaa4ec1f0e668306b8d375eeaefef5685263fd5d9c7,39730399
000d6b6a2205ea8ee7879596710d367144cf453dc617e3b03622044d0e4a5718,24119576
000d7048f378ba92c64738738dfeb1d9988053aa48dc9c93534cda56bfda83b0,12044845
000d722ada63bb4f78762631801f434706a779bce39584f93c180059fb78763f,11238906
000d72613108b3081a9e36400c9465b3b33230ab21f5341313acc1a33ccba14b,6325811
000d729f9587dc7dcd0eddeb4e2d6f2c9459e9bbf8c6a6d6baf85e996a91f05c,9798888
000d767d440ad6c08831e895be4109656e59763ad4e6b1eff754b7e2cd3e589c,17140582
000d76c9bcdce957a6ea7aff7c2dbac846dc3428aeffeaf33fd68fb70623d63a,47505188
000d77cae05073eeebaf18c83c7f496c9bb3173e27011f883a238fcc35f97130,80523427
000d788305211b5107eda3e315a3ff4aec070f0f2cde8e156011d29515d5b10f,73088108
000d79ea71484e0197477c60de9e99bbf227d268f1f5074a6298e3804b36cc2a,35882647
000d7b44aa15fbdcea1a955fbc06e142cdbe6303ba443f3b33bb08eb4e986f37,62261849
000d7dbe3b763e4d36423418b1882f09683025e22226c20fc429e0b1a1a68524,77299213
000d7ff6ae8a60e13e553ee8743e8b2577d35cc47077460e2a2756c2d9b28376,67891417
000d848ce5e0ff2c22f301b435ba08ee943295cb74ad7e8a2314b1d425c7deef,28646067
000d8a381f434df2f85931c9fbfcf5c569edb331d1da643d53ccd00b549dc8d3,58952370
000d8fb61c87ca91f15971939ea7c024d4b0b836c44ea817ee8b687b951b9c8d,193634116
000d936cb86d8144945135f325db08e64271b78873574fa5d9c191d143150baf,37440205
000d973ce0d0a6deb78de74c598cd0bdb48ec3cb58d2cc46ebca1316866c21d1,18537515
000d981c30dd8f6983c9a23fbdc43b9f0fc743232251b74eda6db30297de7041,4414468
000d99a0f47b06ede2e74cbdca67361f36cd6eb996739b0040f8ff51defa1d7d,20087578
000d9b95c3e9ee8781d5d1f0b75c2df4e3a3cf5f4bc3b006ff5f98ac054f4fd5,17229847
000d9c703b5d58278b20f243c18d9d0437c878b528848b736ae5bd39247921c2,16536671
000d9df4c2ccef8037143b346643160d803a08144fde60fb143700fd7fc4a26e,73424929
000d9f701f991a998fd05973f24be60560f2e7fc64680da934cb2f1aefcce887,61762734
000d9fd56898276580c2082e938add9b0a3a6ec2e8a98bb86e9da95a162a3962,59553341
000da3663a03183da412fcdbb9d273693da189eb34f8c9bc6070c115c5c3c700,69620494
000da620e526d02db30b7c2d5a403413a48cd80822c4962af61cee7876030681,9674706
000db594420f9ae57b4bc0ef8f1dcaf02a644a336ae35fbeb0471c0838f502ae,71385349
000db88a6b0b960707fdc3d8dfb6c65cb7bcfd9795de0ce61167c92d22328930,6243368
000dbd87da87060d1e8cdce16f2495a3d7d1f28fd0aca6e0e4c57b58464bf4ae,77288547
000dc461bf8635c9351507d50c0c1a30e0df0b7dee73a7656c20ebda42fca7be,47586236
000dc658e3a431c2d12cfe8d37509f189aba3ee6ae5430d4cb987491cc3ea80d,27115854
000dcbfd3b71bb43e7e2c5b16e0853727cbc1781bda74b34a11994936a1cb04e,3627625
000dce85aff232e9b381709d166316e3e1bdb69cefaad2ea4249371dc18d0fac,11069290
000ddbba573dc96a4b040551585dfac39ffa840737ffc4affa4083bd886052a5,79067270
000dddc9cb13dea480be23eabe91acec38f8553c513319892882101dbe5846c9,27199733
000de10728e9d4e281bc302cf6deaa187bd5d8acf4dc6d716b87553e8830d7b8,87497994
000de5e234a0c2d966ea9209632d8545cfffbb150bbe3cdec505ef06bc3ed6aa,37991759
000de66db06f10951511fcf0db5de54c558abe1a94576d79a727173dc65781d4,20428511
000de79c96d8b1e518801e291cdfd66795f8445f08a9d5931d45ef0ab886f9db,9238912
000de98ec12652dc195bb63bd3db2fa11686fe502f194183abbd102dc2a92345,30691718
000dec1fcc515205075d62857f8878812123456d243eaece26984d04fc72a3f3,50651151
000dec4dc4ba718be60cf6e42aefc27fd4023a009637b55ea4f821cbce6736b9,7462443
000dec7b6907614b6f7f213d0f0164416e5cdd01a6116d561571bca3a6b84a88,39363895
000dee8c00da818938cc0bcf9e5d89f07b50bb24fb9cb43c38c33e5b0c4b4df3,9971225
000df15bebd51f74494282e961e9529996f1af049a85a5dc428c631da10d6dcb,7099449
000df1a7ee31158ca0506841450e8cde1dd20296149316e09586f4ba4be7711d,64764676
000df536818b811ca31425950d82eab647081af954776e3a60cb2088fb938ffd,10619217
000e02443d4c3a03df701d6b6723df91d91b78a6bd2ccb3fa3661dae634e5a57,48921403
000e049fe56fd5c1db7e4f0daf4c47812d88fcfc4270b96c3ecb44b131f92f3c,46595139
000e063fc760a2f42c40e050bbb57d49dc4a84800930ea7ae3ffcc3a68ffa904,35656247
000e098f2954664d08163b3d540ea2e6ff466a9b0e29c9120230f1e12a2702cf,5842476
000e0fb93eecde6f4afcb09b1b69e0fe1f7f75f7438bdd5b2bf61517ba26871b,31176074
000e1041f0c4a38262af72188a4d1f73eefb7c4b2bb8967833a250a8908b6b6c,81325073
000e151fc8d5e5918d75d9c01c9dd926e39226062953a95151aaf88e6dd6282e,12821608
000e1e16504d41d563822496730a0b19861adf3dc4233fefaaf3b78407db766e,28314153
000e264acb3a467f803bf975a98d8c0ca9e803f9a060033be48b69a077b91e3f,3850720
000e2813c6051362c0c0c0fe2d38eb16a9a27b17874dd8631f7cbda6daec084a,54762036
000e2e08ed959d2e81ac3e41d78ea64f11befc8403040a7bf37b8ec9dc89ca43,10310298
000e2ec4b900c9203edee555df87ff804de013f9db3bbe687cf9eef4f1f40ab0,124387641
000e2f647ebddf84f914ce3e77d2f953c4d8e4a40e8f671c446f5655eff75ee8,20358593
000e331676a24460cd33f7d19582cbd3b347a56fd6a5cbabcd25c6d2f6b2ccaa,13202056
000e352d677047feabd70f1e8d845c0ea6efbd611386d5ba41bddb301f28dd05,49542902
000e368f6cd7a52b329f84ec11cbbebb9fbd579647557d360febbbb7e2785571,63674972
000e373200a88597ff4b4e2c8ef01319d5712127e1daf883997bb94942a3d2e0,55777421
000e377399c41255e6de3122d0951e971b766d4e55ba6fbede779c720a0f5c0a,86285908
000e378141eebb21a5d993ff04fc7c21416fdd58e6ff924d8c54df90a396f84f,46832793
000e47d8ef2f5aeabdc8c0e8dc9567a77452e2ed9d6b782360807570eee0ec9c,3452016
000e496930074b7e83bd87012757598fd57a6da1c604694ac00b28ec007633c2,69763402
000e4faf3a477668db7268e28776c813177f03d5aa9b41fc10b6a67401dc660d,16670277
000e5a2e6336174275b5aeb4ef3dfe6c8828a68f38b2d21f074b8ae3bb155f54,4798846
000e5d40850a23f878ecea783f20a4d75661824be8f3dcaee63ca81879501bdf,39119887
000e5fd871bb1cc70443e3d87c3024ec1217dd024b3017e931696fcfba0aae81,16430416
000e643e0dfcf5f358e383dacdc26e898ea1cb865cc7c045fce81ed28ea56e7f,5563059
000e649767ff5481017e6ccd201915fdde5622e15eaf583d1ddbbdf811694e51,10318877
000e6a6620932b3d98173dce4eb124ffd55d73371e8dd6fe76d675115c7b7460,27666220
000e6c56124e904de844750dfaa00da4eaac9dfb286d612703e8408433caa794,9897703
000e6ffbb579b5ead85981da3d9419563b654ada254b2720495387a77971a878,16799644
000e73228c74ec746cec4ff2e3d0924cc0f95c6d09fc6d2e96af902d8429de64,6271343
000e777075b056205af021f79ea42244852c6bcd722742d6cc92fc4c08c4159a,95744712
000e7a1fef6572c40cd7793e12c24b8bafb784489525fd83e95033d96c9112b2,181186426
000e7e84c30e8599a6e8bfef2f407718e04f6567e64898be9479019bcbda0ffd,39801529
000e7f630321a44f2b4e0a4e69ed068228494e90d52771173f714be379f6f052,37727074
000e83523ce7adfaf2896a3a81ee0e58463ba582484001e4831549f0ed8e0f36,51286647
000e84b930faecdd639460e512190097c04fd17ec73c3f98d8b4a9cc5760766c,4726195
000e862025b9706cec579e352fe98a4a123b36d7b7643b8dc8042aa66bbac661,83264014
000e958c49382a5226ce339112d84ab41ea01c8b138aac9688c545fbfaae6f0d,38557052
000e9af86cdf6533312d1da375d3c39a1c20d3fa17947ebff132b0e37f00d0b1,9351013
000e9b32ec54a42562b6af287881f61f171f62c504149088e4f45f26dbcec0ee,43581232
000e9b52d61228ad527b4e7ed4c3068ff8b77a646a454eec2f8cc1b747dff748,121423963
000e9cfd777e4d9e8b6c552a44718de2f42f70be3255679c9e3f99f37147d9c6,203090372
000ea21e790f797dc43883967ec917ceb5b9be42b881c0bda1a0f20fd88c5b73,38430560
000ea2cc60565bd1a5ff770df305f66229ed08d10b5aa98ccd62bfc4d9ea26e9,66412409
000ea40f6d570fec335e450dcd6ea2839b6742be1c7acfe89fc45b411ee476c5,31363246
000ea5b4a69f9718a19dee13275dd2491aaa2c4a6ea8c8bd4836851f3166194a,59200427
000eabe55b7d4ba19870da8279341f9259bbd99d48a05911dffc433447f4eefe,33997380
000eb4155c60b3b46835dc4882b74a9da7eed7812724bef6c8f8121da71894c0,26521765
000eb42c925c2fd6343b4bdf449a2f70d2d04a69e03773dc9f936608d89ea97e,43068412
000eb506bad0a53a4aee5430aecb3f6053db0846e3ab53c02a6f606c1a08e84b,90245216
000eb7dc89afbe7cfe45054e60796f106417fdb988ae596a7c7a2dad6b620d12,22506439
000ebc8bb95d097f49c26c3eb2f42c4f9cfb210f37eeb683df40bbacecdd5f2d,92269916
000ec1016f5ad7ad41186dd8950016f2799e740471322dd2c5eb455ea685c6c6,47696055
000ec94de7ff60b83159db5ca315184e1deba99e8fefed9877d51b5510bcbfa2,21526175
000eceee5b51ae5a79142afbdbb7bca665afba1602291dd56b83c4684ba5a6da,46856673
000ed2c9dd10f3d00a07fde45738860b5b36ef9e778e2890f00d730ee60b4abd,11123265
000ee270bfb06cf251dd44d57cc9f9319503a8ab3d618b3df66d929708d23951,7380402
000ee3d9dabaaf68ee330b9f1b7c7e32287662ed9f8616c5496f4979470b5a1e,74220950
000ee60951c306be3f29c774afc62236957a3d11074c24f034fdec0ef6685532,27128330
000ee6656e46eee080224550ca196c509d0571b9b6831263896356708e33b5d8,47625021
000ee6adc44cae2fb835f6923a3d16e51d2e766d08ea524a749dc0bd76255415,8455971
000ef2edb8309cd72c9b5c8bd3208f2d43f209945e8cc7b502141a2f5c0f5f0f,51465854
000ef31f240bbfb9e8e7f324adbc63e848ef7c1f164677cd1e68b9a0841bf378,6567817
000ef489afbc4ea9531174cfa00509d530a08082c37da3aecd6e7387035026e6,80945575
000f04556c45e5f55a38982f90e134fd6b167ba4b9bb208ef62c6d162655ceba,35137941
000f0679f35ba2c92d1b1097a0d3fc8d65f26a728705fbd767fe42cd674fbcda,15102614
000f0964e506c68cfa37ca87d11e25c6c639f897e9508623a1f2afaa66d4b80e,75256933
000f09e884b6342d671c0c8aa7f5fb55b372947a91fe78377bb8cfc403068897,105626474
000f0c0ba071b25498d71d606c1e10af97eebdb190b7a74121ac3e0ed50266ab,105668954
000f11684cc6c71f1c4a5b23cdf0779028085234940ead53816e674e83e35d6b,8747561
000f13d59b2df2acd8ffc9951f56de09abea6926b597da40cade7eb88012928f,49281406
000f15136c361ca7b20f9986e64df3a8b645572e375947013dd4fb7d605678ca,45023826
000f1dd6f282b0d413c833ebfb740e9f56289eb0b7b9377d6572782499efe509,20970799
000f24f21769541988bd997cebe61f82567393e796a69859c9981ecf8bc16226,45020922
000f2622dcb9257e78dfd4a74a17f2d0713a4dc05d29c22609471476e3ebd157,55840952
000f28ddf51092953a130ab0ed5c8c5a6f5fe300b2b634550ea3abf946f666a2,84772741
000f2aabc0dc4b1908fff4bc51c648637e3549cd72df15edc945f5079c908191,46585253
000f2c91ec864c8b8b15554dd81b743e568f9cd237e0e6748359d0dcf8538125,10196321
000f2cabddc82af9b710121252c65256c3da27d8c8ba58e4328599385d6e5464,13368249
000f317133409fd5ed6b909d30ba62c7395ba975e29dfb276db61a8d65b76324,30372476
000f3b758e25fe87fc96447f7f03d1d519af38bb37daed0fe9bd6d8eec78a410,49543519
000f3f97c8c879c4b7618290eb925a989057ec6fe938655a5a6710c6811d6e79,92720507
000f424008bce1e881617872615354595ade7e5a9ac8ca1815ef171f6f65f09b,5465341
000f453ad46e5a011330d3905099bfec83d83d846bc4eed45b02933d39fdbb78,7118521
000f4da3d1109b2ad578a0412a51be916c53a5b3f760b8c189d184d31c38e73e,35218488
000f4fad142f8155fde2935e4713a8e979202bc2646a42af6de24acab5d29f20,30287710
000f53b953f0af514a313f09660b925436770f70f422fdde92234fb4b85de793,33741746
000f584d38111674cfcb4f3553088dcdc796cf48f4815e383893af9590b27e12,9550890
000f62884aac72d31fde8f4449ee2c6936429ffebeb7f8b9885829293f0d485a,98079310
000f62ddb7ee6aba06e7e7067060f6036d559e1e722eefdc28f2c018cd013f71,35878189
000f660b71958b367d3104b941e287dec3737dff496dc5ccc97349924d37bff7,42253593
000f6f4191b1eb505dc21952638576eca89d0f370638af4b7bd7510f1a9f2704,54455881
000f7ed29f488b1d98f2130974e7a7f8dbe8fb4ec471890dcd211738e70d505b,65650500
000f81a7cc4e7a07707d5c4f9f908f4b380a1df72ce380beadd8deacc363b9e6,47625535
000f82120118571f8aba6cd4bc968afb9cf29f717d38752bc06fb72f9a77819a,3713031
000f829eb8b836b74d4f4cc139adc66f1373ffcf4f37b46b58989dcb962eb09e,4763108
000f83682a1e5c52c6578ce0645d72229de895e3957222697bc41be6dce1629d,24255821
000f841c396f65d50521c8d218f22d3c78c34cef72051f2d8d84a3bb9a4bfc41,50159464
000f84854379b4a93266a27fce7b45afc0e63fa7ade80d39c99458d667041951,38626616
000f8f48eb41d418166d1794d6ba5822df00539d463b85895ad98ac27c8c032b,7324575
000f90a3ff92ce4c8d34b7f28de37000925fec9afd39ebe4a09b24932a4f682a,34384394
000f95856c0c7734f65dc1d1ae79334ebf80b0054791cb4cae44831d5ff5b717,5611717
000f9644877b5e22659752d88ebce6e1d28b9f815e681e8e76787b12ede4ca40,13484861
000f990376285b8dae07269bfcc66c2592ba655ed0dceeb9b1b1039b767ed04b,39176527
000f9efb1bb767af6c21066468244ec9315f9cba3c99bffc9e1ab453b90a019c,14946210
000f9f18ea3ce6a342da124a12e3b5b008611617d9ce264409ff1d80702899c0,41491105
000fa379bc944f8d0c60d3738acf001a483a4b988ad9878a721c7d3f9f078672,99329940
000fa3c7c0a15c38d279f76c8b7288fec32a5fb0d5cba1cf7e867a36e29b8db6,52362633
000fa7017d0cdb25d66f0974f28f94395cdcfd4b8b0a6ee66002837a252597b5,26751163
000fac87e99a65a35c4d7206668e384df79b0ebae2bbdc91c1cd5cf522a87fac,15076203
000faeed5d3db60eb5a3ba5cd6b97cc68cdbbac4edc413dac73ac385db16daaa,109461946
000fb5837708d8a2fcb3b4dec68f5c2b1677182bead88dd708807fbd0cbbd6d7,52648070
000fb67dce56aa1de9ec11faac71fa8a636a9ebb60b7bf804cfb090fc634a66b,14107602
000fb76cf9c9d305dd8d176acb02423d21699dcd711eaa4db7918fb5c5237849,27247342
000fbcd4e28cfa602715e0b422aa0988dd38bfcd45bbbe7970fc16bec6d23547,5735269
000fbec603392ea8d0a962ae0f01154ea5d574af569cd0c897d96ea1a78483ec,13597637
000fc605de12a467d7494f0d23e3b61cead54975168c2f1488f843df7e246074,42775957
000fc9bedf013379796cc8ae1a8d8acdf2806f774ae4c056d7ce0e6b017b063a,93881389
000fd05c84ce973c71bb37fd728c6299e9bdbf71ecfa57585991f296fdcf7cd4,14754136
000fd7d0c9bfd41f48988a4c299dccf86e042a47495c0c002d810a71dafaa39d,57456433
000fdd4425ad93c1adfebbc372c056f207ef398320479f22cb6f960b798bbb18,14661671
000fddf87e9dde4e1031a59cb38bd9c454f627d5853848ad13e57bca76d91d81,15257638
000fe4469fcedb7c482fd724bd5767be056076efdb0101f27289bcbb31bd69a4,30305906
000ff336467c632e5c5deca822c2e9a67644e8ba3fb2592e05d5d695912b377f,25833180
000ffb42f641f321b4f309f93927af121e4480d7b9234e0102efb903a01661e5,10327089
000ffb78bff6272db5625c7a88226da9e23d7b4aa8d44c6a236530c439fb9c61,8707407
000ffd69ea0f53bc905790b492768f3a6f579ffdda9bca3366e735b766605d98,13129452
000ffe398d147046377ab84827d4e61d78266238410db0fc39fef8e13cd8e950,48885040
